{"current":{"block_f12_right_button":false,"heading_color":"#202020","enable_line_below_heading":false,"textstrong":"#000000","text_color":"#677279","accent_color":"#202020","link_color":"#00b27a","border_color":"#f7f7f7","background":"#f9f9f9","secondary_background":"#ffffff","cor_secondary_background":"#ffffff","cor_fundo_background":"#2d2838","error_color":"#ff8181","success_color":"#00b27a","primary_button_background":"#ff6606","primary_button_text_color":"#ffffff","secondary_button_background":"#2c81fb","secondary_button_text_color":"#ffffff","header_background":"#221f2b","header_text_color":"#ffffff","header_light_text_color":"#ffffff","header_accent_color":"#ff6606","footer_background_color":"#ffffff","footer_heading_text_color":"#000000","footer_body_text_color":"#000000","footer_accent_color":"#ff6606","product_on_sale_accent":"#202020","product_in_stock_color":"#3b3b3b","product_low_stock_color":"#0d0d0d","product_sold_out_color":"#8a9297","product_label_1_background":"#3b3b3b","product_label_2_background":"#3b3b3b","product_star_color":"#ff6606","extras":"#000000","lancamento":"#202020","parcelamento":"#101010","lancamentotexto":"#ffffff","porcento":"#cf1180","descontopix":"#4bbca3","botaowhatsapp":"#767676","default_kit_color":"#00B27A","badge_discount_background":"#ff6606","badge_discount_color":"#ffffff","popup_button_color":"#000000","oferta_especial":true,"faixa":false,"line1":"#c40bd1","line2":"#a221ab","line3":"#c83bd2","line4":"#993b9f","line5":"#c40bd1","base_text_font_size":15,"heading_font":"roboto_n4","text_font":"maven_pro_n4","underline_links":true,"animation_image_zoom":true,"search_mode":"product,article,page","product_text_bold":true,"show_vendor":false,"show_secondary_image":true,"show_discount":true,"discount_mode":"percentage","product_price_position":"after_title","product_image_size":"natural","show_color_swatch":false,"show_inventory_quantity":false,"low_inventory_threshold":0,"show_reviews_badge":false,"cart_type":"drawer","cart_empty_button_link":"shopify:\/\/collections\/all","cart_show_checkout_button":true,"cart_show_free_shipping_threshold":false,"cart_free_shipping_threshold":"50","icone_carrinho":"bag","social_facebook":"facebook.com","social_twitter":"https:\/\/twitter.com\/shopify","social_pinterest":"","social_instagram":"https:\/\/instagram.com\/shopify","social_vimeo":"","social_tumblr":"","social_youtube":"","social_tiktok":"https:\/\/www.tiktok.com\/shopify","social_linkedin":"","social_snapchat":"","social_fancy":"","favicon":"shopify:\/\/shop_images\/i4_c5be0c7b-e74f-498b-b31e-8dd0a90356a4.png","taxa_segunda_parcela":"5.41","taxa_terceira_parcela":"5.97","taxa_quarta_parcela":"8.25","taxa_quinta_parcela":"9.66","taxa_sexta_parcela":"11.04","taxa_setima_parcela":"12.25","taxa_oitava_parcela":"13.85","taxa_nona_parcela":"15.44","taxa_decima_parcela":"16.59","taxa_decima_primeira_parcela":"18.19","taxa_decima_segunda_parcela":"19.79","desconto_pix":"10.0","shipping_type":"personalizado","active_free_ship":true,"free_ship_name":"Padrão","name_simulator_ship":"Expresso","price_simulator_ship":"R$ 19,90","margin_prog_s":30,"colorp_progress":"#fafafa","colors_progress":"#ff6606","checkout_header_image":"","checkout_logo_image":"","checkout_logo_position":"left","checkout_logo_size":"medium","checkout_body_background_image":"","checkout_body_background_color":"#ffffff","checkout_input_background_color_mode":"white","checkout_sidebar_background_image":"","checkout_sidebar_background_color":"#fafafa","checkout_heading_font":"-apple-system, BlinkMacSystemFont, 'Segoe UI', Roboto, Helvetica, Arial, sans-serif, 'Apple Color Emoji', 'Segoe UI Emoji', 'Segoe UI Symbol'","checkout_body_font":"-apple-system, BlinkMacSystemFont, 'Segoe UI', Roboto, Helvetica, Arial, sans-serif, 'Apple Color Emoji', 'Segoe UI Emoji', 'Segoe UI Symbol'","checkout_accent_color":"#00badb","checkout_button_color":"#00badb","checkout_error_color":"#ff0000","purchase_email":"souzahigino10@gmail.com","license_key":"souzahigino10@gmail.com","shipping_value1":"R$ 0,00","share_twitter":true,"share_pinterest":false,"share_whatsapp":true,"share_email":false,"juros":"1728","frete_prazo":"5","share_image":"","social_google_plus":"","sections":{"header":{"type":"header","settings":{"linkrastreio":"shopify:\/\/pages\/rastreamento-de-pedidos","enable_sticky_header":false,"mostrar_barra":false,"background1":"#fffd46","background2":"#ff274a","background3":"#9c10e3","background4":"#2cc9ff","show_local":false,"backgroundlocal1":"#ce0f2f","backgroundlocal2":"#ce0f2f","colortextlocal":"#ffffff","logo_max_width":145,"mobile_logo_max_width":140,"show_locale_selector":false,"show_currency_selector":false,"navigation_menu":"","desktop_navigation_layout":"inline","desktop_navigation_open_trigger":"hover","show_navigation_social_media":true,"navigation_phone_number":"(65) 9267-8595","navigation_email":"contato@seucontato.com.br","show_condensed_search":false,"show_search_filter":false,"search_menu":"footer","show_search_menu_title":false}},"footer":{"type":"footer","blocks":{"9dd292ad-49c0-48d4-b1ce-401e408eba27":{"type":"text_image","settings":{"title":"Central de atendimento","logo_width":150,"content":"<p><strong>SAC (Serviço de Atendimento ao Consumidor)<\/strong><\/p><p><strong>E-mail: <\/strong>contato@seucontato.com.br<br\/><\/p>"}},"2a4c099e-5ae6-425a-a7f4-ab475e42d8a7":{"type":"text","disabled":true,"settings":{"title":"Central de atendimento","content":"<p><strong>SAC (Serviço de Atendimento ao Consumidor)<\/strong><\/p><p><strong>E-mail: <\/strong>contato@seucontato.com.br<br\/><\/p>"}},"8cba64af-66e1-4882-8209-d2dfd47a8264":{"type":"links","settings":{"menu":"main-menu"}},"2abe38cf-b3bd-4925-a037-9e78be5e2447":{"type":"links","settings":{"menu":""}},"30d67c99-fc27-496e-bea0-c99b0830aef3":{"type":"newsletter","disabled":true,"settings":{"title":"Receba nossas promoções","subheading":"<p>Inscreva-se para receber descontos exclusivos direto no seu <strong>e-mail<\/strong>!<\/p>"}},"fade2d6e-f534-4d68-88d8-fc4dd72793a4":{"type":"apps","settings":{"title":"BAIXE NOSSO APP (em desenvolvimento)","googleplay":true,"linkgoogleplay":"https:\/\/play.google.com\/store\/","appstore":true,"linkappstore":"https:\/\/www.apple.com\/br\/app-store\/"}}},"block_order":["9dd292ad-49c0-48d4-b1ce-401e408eba27","2a4c099e-5ae6-425a-a7f4-ab475e42d8a7","8cba64af-66e1-4882-8209-d2dfd47a8264","2abe38cf-b3bd-4925-a037-9e78be5e2447","30d67c99-fc27-496e-bea0-c99b0830aef3","fade2d6e-f534-4d68-88d8-fc4dd72793a4"],"settings":{"enderecos":"<p>Rua Fictícia, 123 Bairro Imaginário, São Paulo - SP CEP 01234-567<\/p><p>Oferta exclusiva neste site oficial, sujeita a variação. Evite comprar produtos mais baratos ou de outras lojas, para evitar golpes. <strong>Não nos responsabilizamos por problemas em compras fora deste site.<\/strong><\/p>","mostrar_barra":false,"show_social_media":true,"show_payment_icons":true,"mostrarcorreio":true,"mostrarsedex":true,"mostrarpac":true,"security_seals":"<div style=\"text-align: center;\">\n  <a href=\"https:\/\/www.sslshopper.com\/ssl-checker.html#hostname=https:\/\/zuban.com.br\" target=\"_blank\" rel=\"noopener\" aria-describedby=\"a11y-new-window-message\"><img src=\"https:\/\/i.imgur.com\/tqgH7PX.png\" width=\"83\" style=\"vertical-align: middle; margin-right: 10px;\" loading=\"lazy\"><\/a>\n  <a href=\"https:\/\/transparencyreport.google.com\/safe-browsing\/search?url=https:\/\/zuban.com.br&amp;hl=pt_BR\" target=\"_blank\" rel=\"noopener\" aria-describedby=\"a11y-new-window-message\"><img src=\"https:\/\/i.imgur.com\/DZLVXlL.png\" width=\"83\" style=\"vertical-align: middle; margin-right: 10px;\" loading=\"lazy\"><\/a>\n  <a href=\"https:\/\/transparencyreport.google.com\/safe-browsing\/search?url=https:\/\/zuban.com.br&amp;hl=pt_BR\" target=\"_blank\" rel=\"noopener\" aria-describedby=\"a11y-new-window-message\"><img src=\"https:\/\/i.imgur.com\/Jnct9y7.png\" width=\"83\" style=\"vertical-align: middle;\" loading=\"lazy\"><\/a>\n<\/div>","show_locale_selector":false,"show_currency_selector":false,"show_cookie_bar":false,"text":"<p><strong>Nós usamos cookies<\/strong><\/p><p>Eles são usados para aprimorar a sua experiência. Ao fechar este banner ou continuar na página, você concorda com o uso de cookies.<\/p>","accept_button":"Aceito","show_certificate_ima_digital":true}},"slideshow":{"type":"slideshow","blocks":{"e5e6d604-f09b-4e65-9d7d-f13b13872d14":{"type":"image","settings":{"image":"shopify:\/\/shop_images\/Colecao_Casa_Decoracoes_da_votre_2_1400x_104427c5-b04f-4842-b225-1f464c20016c.png","show_overlay":false,"overlay_opacity":30,"text_color":"#ffffff","title":"","content":"","content_position":"middle_center","button_background":"#ffffff","button_text_color":"#000000","button_text":"","link":"https:\/\/imadigital.com.br\/evolution\/"}},"1a31ec81-9216-410e-8cab-07e2b3025a5d":{"type":"image","settings":{"image":"shopify:\/\/shop_images\/Colecao_Casa_Decoracoes_da_votre_2_1400x_104427c5-b04f-4842-b225-1f464c20016c.png","show_overlay":false,"overlay_opacity":30,"text_color":"#ffffff","title":"","content":"","content_position":"middle_center","button_background":"#ffffff","button_text_color":"#000000","button_text":"","link":"https:\/\/imadigital.com.br\/"}}},"block_order":["e5e6d604-f09b-4e65-9d7d-f13b13872d14","1a31ec81-9216-410e-8cab-07e2b3025a5d"],"settings":{"edge_to_edge":false,"redondo":false,"active_zoom":false,"section_size":"preserve_ratio","carousel_effect":"slide","autoplay":true,"slideduvidas":true,"cycle_speed":5}},"collection-list":{"type":"collection-list","blocks":{"collection-0":{"type":"collection","settings":{"collection":"","link":""}},"collection-1":{"type":"collection","settings":{"collection":"","link":""}},"collection-2":{"type":"collection","settings":{"collection":"","link":""}},"collection-3":{"type":"collection","settings":{"collection":"","link":""}},"collection-4":{"type":"collection","settings":{"collection":"","link":""}},"collection-5":{"type":"collection","settings":{"collection":"","link":""}}},"block_order":["collection-0","collection-1","collection-2","collection-3","collection-4","collection-5"],"settings":{"title":"Our collections","link_title":"View all","link":"shopify:\/\/collections","round_images":true,"show_collection_title":true}},"featured-product":{"type":"featured-product","settings":{"product":"","title":"Featured product","link_title":"View details","link_url":"","show_vendor":true,"show_sku":false,"show_share_buttons":true,"show_description":true,"description_below_add_to_cart":false,"selector_mode":"block","color_mode":"color","show_quantity_selector":true,"show_reviews_badge":false,"show_payment_button":true,"show_pickup_availability":false,"image_size":"small","enable_image_zoom":true,"enable_video_looping":false,"zoom_effect":"outside","carousel_effect":"fade","show_inventory_quantity":false,"low_inventory_threshold":0}},"collection-template":{"type":"collection-template","settings":{"show_collection_image":false,"collapse_collection_description":false,"collection_image_size":"preserve_ratio","products_per_row":"4","default_products_per_page":24,"default_view_layout":"grid","show_quick_buy":"list","show_quick_view":"list","quick_links":"","quick_links_show_products_count":true,"show_filters":false,"show_filter_color_swatch":true,"filter_type":"tag","open_group_filters_mode":"all_closed","filter_group_order":""}},"recently-viewed-products":{"type":"recently-viewed-products","settings":{"title":"Recently viewed"}},"product-template":{"type":"product-template","blocks":{"49b8c21f-56a5-47b9-a67e-877bdbb93bc3":{"type":"extra-texts","settings":{"show_guaranteed_purchase":true,"guaranteed_purchase_text":"Você tem até 30 dias de Garantia","show_free_trade":true,"free_trade_text":"Você tem até 7 dias para testar o produto","margin_top":"18","margin_bottom":"0"}},"e9b77340-581f-42c2-926a-683a76c58dbf":{"type":"free-shipping","disabled":true,"settings":{"first_date_free_ship":9,"interval_date_free_ship":16,"margin_top":"18","margin_bottom":"0"}},"1033030b-0558-4d03-ba70-7807f3730801":{"type":"simulator-shipping","settings":{"title_simulator_ship":"Calcule o frete","mostrarboxmelhorloja":true,"prazoenvio":"Envio em 24hrs da loja","infoadicional":"após aprovação do pagamento","nomeloja":"Zuban","enderecoloja":"Rua do Comércio, 524 - Centro, Santa Ines - SP, 11305-000","margin_top":"18","margin_bottom":"0","fundobotaoconsultar":"#000000","corlocalizacao":"#ff6606","cordescricao":"#51a559"}},"8803a756-44bf-4b63-843a-ba1600688ef9":{"type":"timer-box","settings":{"timer-box-title":"Super desconto!","margin_top":"18","margin_bottom":"0","background_color":"#333333","background_box_time":"#404040","text_color":"#ffffff"}},"479057f0-4901-4c5f-bbea-80f841f95463":{"type":"buy-together","settings":{"title":"Compre junto","margin_top":"40","margin_bottom":"30"}},"4bc3b784-7a05-4b32-9de0-ee9077ea066a":{"type":"delivered-orders","settings":{"margin_top":"18","margin_bottom":"0"}},"fdb0bd37-7ed1-471f-917d-b0829b502374":{"type":"social-sharing","settings":{"share_facebook":true,"share_twitter":true,"share_pinterest":true,"share_whatsapp":true,"share_email":true,"margin_top":"18","margin_bottom":"0"}}},"block_order":["49b8c21f-56a5-47b9-a67e-877bdbb93bc3","e9b77340-581f-42c2-926a-683a76c58dbf","1033030b-0558-4d03-ba70-7807f3730801","8803a756-44bf-4b63-843a-ba1600688ef9","479057f0-4901-4c5f-bbea-80f841f95463","4bc3b784-7a05-4b32-9de0-ee9077ea066a","fdb0bd37-7ed1-471f-917d-b0829b502374"],"settings":{"show_verified_icon":false,"show_new_and_sold":false,"show_burnout":false,"show_sold_and_delivered":false,"show_sku":false,"show_launch_discount":false,"show_installments":true,"show_economy":true,"show_ticket":true,"show_pix":true,"pushbutton":false,"show_whatsapp":true,"whatsapp_ddi":"55","whatsapp_number":"(11) 99999-9999","whatsapp_text":"Olá quero comprar este produto!","whatsapp_product_link":true,"show_flags":true,"show_timer_box_simple":false,"timer_box_simple_title":"O preço promocional expira em:","selector_mode":"block","color_mode":"variant_image","show_quantity_selector":true,"show_payment_button":false,"show_pickup_availability":false,"timer_box_simple_text_color":"#ffffff","image_size":"large","enable_video_looping":true,"enable_image_zoom":true,"zoom_effect":"outside","carousel_effect":"slide","show_inventory_quantity":false,"low_inventory_threshold":0,"content_display_mode":"show_all_and_expand_description","enable_reviews":false,"show_reviews_badge":false,"trust_title":"Payment & Security","show_payment_icons":false,"custom_security_badge_width":200,"show_refunds_policy":false}},"product-recommendations":{"type":"product-recommendations","settings":{"show_product_recommendations":true,"heading":"Você tambem pode gostar","show_quick_buy":false}},"announcement-bar":{"type":"announcement-bar","settings":{"show_announcement":false,"background":"#7931c3","text_color":"#ffffff","text":"ÍMÃ DIGITAL - www.imadigital.com.br ;)","text_position":"center","link":"","show_newsletter":false,"newsletter_button":"Subscribe & Save","newsletter_title":"Newsletter","newsletter_content":"<p>A short sentence describing what someone will receive by subscribing<\/p>"}},"popups":{"type":"popups","blocks":{"88df9059-405c-40ea-819b-b6dcf1184bdf":{"type":"newsletter","settings":{"show_only_on_index":false,"apparition_delay":5,"content":"<h4><strong>Cadastre-se e receba 10% off na sua primeira compra!<\/strong><\/h4>","button_text":"PEGAR CUPOM","thank_text":"<h4><strong>COPIE O CUPOM ABAIXO E USE ANTES DE FAZER SEU PEDIDO NO CHECKOUT!<\/strong><\/h4>","discount_coupon":"IMADIGITAL10"}}},"block_order":["88df9059-405c-40ea-819b-b6dcf1184bdf"],"settings":{}},"text-with-icons":{"type":"text-with-icons","blocks":{"text-with-icons-0":{"type":"item","settings":{"icon":"<svg width=\"50px\" height=\"50px\" viewbox=\"0 0 50 50\"><g id=\"surface1\"><path style=\"stroke:none;fill-rule:nonzero;fill:rgb(0%,0%,0%);fill-opacity:1;\" d=\"M 24.535156 42.296875 L 23.933594 42.597656 L 6.25 34.738281 L 6.25 14.101562 L 23.535156 21.785156 C 23.804688 21.90625 24.113281 21.90625 24.382812 21.785156 L 41.667969 14.101562 L 41.667969 22.917969 C 41.671875 23.488281 42.136719 23.949219 42.707031 23.949219 C 43.28125 23.949219 43.746094 23.488281 43.75 22.917969 L 43.75 12.5 C 43.75 12.089844 43.507812 11.714844 43.132812 11.546875 L 24.382812 3.214844 C 24.113281 3.09375 23.804688 3.09375 23.535156 3.214844 L 4.785156 11.546875 C 4.410156 11.714844 4.167969 12.089844 4.167969 12.5 L 4.167969 35.417969 C 4.167969 35.828125 4.410156 36.199219 4.785156 36.367188 L 23.535156 44.703125 C 23.820312 44.828125 24.144531 44.820312 24.421875 44.683594 L 25.464844 44.160156 C 25.800781 43.996094 26.023438 43.664062 26.042969 43.292969 C 26.066406 42.917969 25.890625 42.5625 25.578125 42.355469 C 25.265625 42.152344 24.867188 42.128906 24.535156 42.296875 Z M 23.957031 19.695312 L 16.589844 16.417969 L 32.714844 9.25 C 32.734375 9.242188 32.75 9.230469 32.765625 9.222656 L 40.144531 12.5 Z M 23.957031 5.304688 L 30.210938 8.085938 L 14.160156 15.21875 C 14.117188 15.238281 14.078125 15.261719 14.039062 15.285156 L 7.773438 12.5 Z M 23.957031 5.304688\"><\/path><path style=\"stroke:none;fill-rule:nonzero;fill:rgb(0%,0%,0%);fill-opacity:1;\" d=\"M 35.417969 23.957031 C 29.664062 23.957031 25 28.621094 25 34.375 C 25 40.128906 29.664062 44.792969 35.417969 44.792969 C 41.167969 44.792969 45.832031 40.128906 45.832031 34.375 C 45.828125 28.625 41.167969 23.964844 35.417969 23.957031 Z M 35.417969 42.707031 C 30.8125 42.707031 27.082031 38.976562 27.082031 34.375 C 27.082031 29.773438 30.8125 26.042969 35.417969 26.042969 C 40.019531 26.042969 43.75 29.773438 43.75 34.375 C 43.746094 38.976562 40.015625 42.703125 35.417969 42.707031 Z M 35.417969 42.707031\"><\/path><path style=\"stroke:none;fill-rule:nonzero;fill:rgb(0%,0%,0%);fill-opacity:1;\" d=\"M 38.847656 31.554688 L 34.375 36.027344 L 32.507812 34.160156 C 32.246094 33.890625 31.859375 33.785156 31.496094 33.878906 C 31.132812 33.976562 30.851562 34.257812 30.753906 34.621094 C 30.660156 34.984375 30.765625 35.371094 31.035156 35.632812 L 33.636719 38.238281 C 34.046875 38.644531 34.703125 38.644531 35.113281 38.238281 L 40.320312 33.027344 C 40.71875 32.621094 40.714844 31.96875 40.3125 31.5625 C 39.90625 31.160156 39.253906 31.15625 38.847656 31.554688 Z M 38.847656 31.554688\"><\/path><\/g><\/svg>","title":"Frete grátis para todo o Brasil","content":"<p>Receba seu pedido no conforto da sua casa com entrega garantida e segurada pelos Correios.<\/p>"}},"text-with-icons-1":{"type":"item","settings":{"icon":"bi-returns","custom_icon":"shopify:\/\/shop_images\/carrinho-de-compras_872403bc-a532-4bec-a802-062aa993a287.png","title":"Pedido monitorado","content":"<p>Todas as nossas entregas possuem código de rastreio e você recebe todas as atualizações em seu e-mail e whatsapp.<\/p>"}},"text-with-icons-2":{"type":"item","settings":{"icon":"bi-customer-support","custom_icon":"shopify:\/\/shop_images\/bate-papo-online.png","title":"Precisa de atendimento?","content":"<p>Segunda a Sexta das 09:00h às 18:00h<\/p>"}},"text-with-icons-3":{"type":"item","settings":{"icon":"bi-secure-payment","custom_icon":"shopify:\/\/shop_images\/pagamento-seguro.png","title":"Compra segura","content":"<p>Utilizamos a mesma segurança de dados dos maiores bancos nacionais e internacionais (SSL).<\/p>"}}},"block_order":["text-with-icons-0","text-with-icons-1","text-with-icons-2","text-with-icons-3"],"settings":{"show_section":true,"stack_mobile":true,"padding_top":"0","padding_bottom":"0","background_color":"#FFFFFF","title_color":"#202020","description_color":"#202020","icon_color":"#ff3742"}},"static-promotion-list":{"type":"static-promotion-list","settings":{"expand_items":false,"section_size":"medium","stack_mobile":false}},"static-recently-viewed-products":{"type":"static-recently-viewed-products","settings":{"show_section":true,"title":"Vistos Recentemente","show_quick_buy":false}},"static-newsletter":{"type":"static-newsletter","settings":{"show_section":true,"title":"Newsletter","content":"<p>Use seu melhor e-mail e receba novidades!<\/p>","subtext":"","background":"#2e293a","text":"#ffffff"}},"list-collections-template":{"type":"list-collections-template","blocks":{"9e07719c-e31b-4d80-af81-96c36e78fa13":{"type":"collection","settings":{"collection":"eletronico"}},"8c3b22a2-f14e-429f-959a-b0b4316b05c6":{"type":"collection","settings":{"collection":"fones"}},"8dac17d0-5068-49b6-8303-fe59fe8cf4ec":{"type":"collection","settings":{"collection":"mais-vendidos"}},"36c90c0a-7711-4490-b5c2-1cd74769524f":{"type":"collection","settings":{"collection":"pets"}},"95c2c03e-3a90-4c83-9786-f2a4a1a44815":{"type":"collection","settings":{"collection":"eletronico"}},"b79c3446-9c44-44ca-abbc-2e006cec791b":{"type":"collection","settings":{"collection":"fones"}},"f4556d5f-7959-4086-8bf8-414241711ddd":{"type":"collection","settings":{"collection":"fones"}}},"block_order":["9e07719c-e31b-4d80-af81-96c36e78fa13","8c3b22a2-f14e-429f-959a-b0b4316b05c6","8dac17d0-5068-49b6-8303-fe59fe8cf4ec","36c90c0a-7711-4490-b5c2-1cd74769524f","95c2c03e-3a90-4c83-9786-f2a4a1a44815","b79c3446-9c44-44ca-abbc-2e006cec791b","f4556d5f-7959-4086-8bf8-414241711ddd"],"settings":{"collections_to_show":"selected","show_collection_title":true,"show_collection_overlay":true,"collection_overlay_opacity":20}},"1647436697e002c185":{"type":"featured-collection","settings":{"collection":"colecao-zuban-3","title":"","products_count":6,"layout":"vertical","stack_products":false,"show_quick_buy":false,"link_title":"Ver todos","link_url":""}},"16474367455eacd7be":{"type":"collection-with-image","settings":{"collection":"colecao-zuban-1","products_count":4,"image":"shopify:\/\/shop_images\/1.png","background":"#80007f","text_color":"#000000","title":"Mais vistos","content":"Para ver mais produtos relacionado, clique no botão abaixo!","button_background":"#ff6606","button_text_color":"#ffffff","button_text":"Ver mais produtos","button_link":""}},"165633738003167c2c":{"type":"collection-list","blocks":{"165633738003167c2c-0":{"type":"collection","settings":{"collection":"pets","image":"shopify:\/\/shop_images\/6_bc9aa127-81ee-4987-8da4-776eb6d4f3fb.png","link":""}},"165633738003167c2c-1":{"type":"collection","settings":{"collection":"fones","link":""}},"165633738003167c2c-3":{"type":"collection","settings":{"collection":"saude-e-bem-estar","image":"shopify:\/\/shop_images\/4.png","link":""}},"d4e28545-26a2-489e-aa75-f16c95bd4823":{"type":"collection","settings":{"collection":"esporte-e-fitness","image":"shopify:\/\/shop_images\/5.png","link":""}},"1802ccf3-08d1-43e7-a6c0-484ea3452905":{"type":"collection","settings":{"collection":"decoracao","link":""}},"b2f44501-fc73-4b4f-9bc2-b0c6d66e26f3":{"type":"collection","settings":{"collection":"eletrodomesticos","link":""}},"3d33abd2-2e83-4d4b-9eb0-59e7253423b5":{"type":"collection","settings":{"collection":"bebes","link":""}}},"block_order":["165633738003167c2c-0","165633738003167c2c-1","165633738003167c2c-3","d4e28545-26a2-489e-aa75-f16c95bd4823","1802ccf3-08d1-43e7-a6c0-484ea3452905","b2f44501-fc73-4b4f-9bc2-b0c6d66e26f3","3d33abd2-2e83-4d4b-9eb0-59e7253423b5"],"settings":{"title":"Coleções","link_title":"","link":"shopify:\/\/collections","round_images":true,"show_collection_title":true,"collection_range":8,"collection_range_mobile":3}},"cart-template":{"type":"cart-template","settings":{"enable_order_notes":false,"show_payment_icons":false,"show_pix":true,"show_installments":true,"gift_wrap_product":"","gift_wrap_text":"","gift_wrap_button":"","show_shipping_estimator":false,"trust_heading":"Sim, Quero!","upsell_heading":"","upsell_collection":"","upsell_products_count":4}},"page-faq-template":{"type":"page-faq-template","blocks":{"page-faq-template-0":{"type":"separator","settings":{"title":"Perguntas mais frequentes"}},"page-faq-template-1":{"type":"question","settings":{"title":"Qual o prazo para receber minha loja profissional?","answer":"<p>Após o envio do formulário e o recebimento do pagamento, a entrega será realizada em até 8 dias úteis. É importante ressaltar que, para pedidos feitos em lojas internacionais, o prazo de entrega é de 20 dias úteis devido à necessidade de tradução dos documentos. No entanto, é possível que a entrega ocorra antes ou depois do prazo previsto em situações muito específicas.<\/p>"}},"page-faq-template-2":{"type":"question","settings":{"title":"O que preciso para preencher o formulário?","answer":"<p>Para o preenchimento das políticas da sua loja, é fundamental que você tenha informações básicas sobre ela, como o nome, as cores utilizadas, se é uma loja com nicho específico ou genérica, além de detalhes sobre os banners e outros elementos visuais. Caso tenha dúvidas sobre alguma pergunta, não hesite em entrar em contato com nosso suporte técnico, disponível de segunda a sexta, das 13h30 às 18h30.<\/p>"}},"page-faq-template-3":{"type":"question","settings":{"title":"Quais as políticas de reembolso?","answer":"<p>A Imã Digital oferece a garantia de reembolso para casos em que a compra é efetuada e o cliente se arrepende dentro de um período de 30 minutos após a finalização da compra. Nesse caso, faremos todo o possível para garantir o reembolso integral do valor pago. No entanto, é importante destacar que não é possível oferecer reembolso após esse período, pois já teremos incorrido em despesas com o desenvolvimento da sua loja e não seria possível recuperá-las.<\/p>"}},"page-faq-template-5":{"type":"question","settings":{"title":"Terei acesso às artes dos banners\/cards para alterações?","answer":"<p>Sim, a quantidade de produtos disponíveis varia de acordo com o plano contratado e inclui imagens e descrições. É importante ressaltar que nós, da Imã Digital, somos os únicos no mercado brasileiro que realizamos a ligação dos produtos com os fornecedores, o que garante a qualidade e a confiabilidade dos mesmos.<\/p>"}},"page-faq-template-6":{"type":"question","settings":{"title":"Terei acesso às artes dos banners\/cards para alterações?","answer":"<p>Infelizmente, não é possível fazer alterações nas artes após a finalização do trabalho. Caso deseje realizar alterações, é necessário fazê-las dentro do período estabelecido pelos Termos de Alteração, que são previamente acordados entre as partes. É importante destacar que a entrega das artes só será realizada após a aprovação final e confirmação do cliente, sem qualquer possibilidade de alterações adicionais.<\/p>"}},"page-faq-template-8":{"type":"question","settings":{"title":"É possível que haja alterações que não possam ser realizadas.","answer":"<p>Quanto à programação e aos códigos internos do tema escolhido por nós, é importante destacar que a loja que você receberá foi testada rigorosamente com o objetivo de aumentar significativamente sua taxa de conversão. Dessa forma, recomendamos que não sejam realizadas modificações no template e\/ou código, exceto em casos específicos. Nesses casos, poderemos oferecer uma exceção para que um programador interno realize a alteração, mediante o pagamento de um valor adicional (por favor, entre em contato com o atendente para obter mais informações). <a href=\"https:\/\/imadigital.com.br\/\" target=\"_blank\" title=\"https:\/\/imadigital.com.br\/\">Clique aqui<\/a><\/p>"}},"page-faq-template-7":{"type":"separator","disabled":true,"settings":{"title":"Ordem de pedido"}}},"block_order":["page-faq-template-0","page-faq-template-1","page-faq-template-2","page-faq-template-3","page-faq-template-5","page-faq-template-6","page-faq-template-8","page-faq-template-7"],"settings":{"show_contact_info":true,"contact_info_heading":"Qualquer pergunta?","contact_info_text":"<p>Se ainda não tivermos respondido sua pergunta, você pode entrar em contato conosco abaixo e entraremos em contato com você o mais breve possível.<\/p>","contact_1_icon":"bi-phone","contact_1_heading":"Whatsapp","contact_1_text":"<p><a href=\"https:\/\/api.whatsapp.com\/send\/?phone=5511912836681&text&type=phone_number&app_absent=0\" target=\"_blank\" title=\"https:\/\/api.whatsapp.com\/send\/?phone=5511912836681&text&type=phone_number&app_absent=0\">+55 (11) 9 99999999<\/a><\/p>","contact_2_icon":"bi-email","contact_2_heading":"Email de suporte","contact_2_text":"<p>contato@seucontato.com.br<\/p>"}},"page-contact-template":{"type":"page-contact-template","settings":{"form_heading":"Fale Conosco","show_store_info":true,"store_heading":"SAC (Serviço de Atendimento ao Consumidor)","store_info":"<p><strong>E-mail: <\/strong>contato@seucontato.com.br<\/p><p><strong>Telefone: <\/strong>+55 (99) 99999-9999<\/p><p><strong>Endereço:<\/strong> Seu endereço aqui com CEP<\/p>"}},"4c8335f2-720e-49c4-b05d-ded02ee79249":{"type":"promotion-list","blocks":{"4c8335f2-720e-49c4-b05d-ded02ee79249-16745205804145b0d7-0":{"type":"item","settings":{"image":"shopify:\/\/shop_images\/Colecao_Casa_Decoracoes_da_votre_2_1400x_104427c5-b04f-4842-b225-1f464c20016c.png","show_overlay":false,"overlay_opacity":100,"stretch_image":false,"background":"#2c81fb","text_color":"#ffffff","title":"Apple Watch SE","content":"Para amar cada segundo. \nVejas todos os benefícios!","content_position":"top_left","button_background":"#2c81fb","button_text_color":"#ffffff","button_text":"Saiba mais","button_link":"https:\/\/imadigital.com.br\/"}},"4c8335f2-720e-49c4-b05d-ded02ee79249-16745205804145b0d7-1":{"type":"item","settings":{"image":"shopify:\/\/shop_images\/2.png","show_overlay":true,"overlay_opacity":100,"stretch_image":true,"background":"#2e293a","text_color":"#ffffff","title":"Apple Watch SE","content":"Para amar cada segundo. \nVejas todos os benefícios!","content_position":"top_left","button_background":"#2c81fb","button_text_color":"#ffffff","button_text":"Saiba mais","button_link":"https:\/\/imadigital.com.br\/"}},"924be3a6-03e9-4618-a812-41764ba0343e":{"type":"item","disabled":true,"settings":{"show_overlay":false,"overlay_opacity":50,"stretch_image":false,"background":"#000000","text_color":"#ffffff","title":"Seu título","content":"Conte mais sobre seu produto, coleção...","content_position":"top_left","button_background":"#ffffff","button_text_color":"#000000","button_text":"Leia mais","button_link":""}}},"block_order":["4c8335f2-720e-49c4-b05d-ded02ee79249-16745205804145b0d7-0","4c8335f2-720e-49c4-b05d-ded02ee79249-16745205804145b0d7-1","924be3a6-03e9-4618-a812-41764ba0343e"],"settings":{"expand_items":true,"section_size":"small","stack_mobile":true}},"af42648b-9f77-4652-8563-5141d782af00":{"type":"advantage-list","blocks":{"a7207c51-e6a2-46ed-91e5-b87a5071dc86":{"type":"advantage","settings":{"icon":"<svg xmlns=\"http:\/\/www.w3.org\/2000\/svg\" width=\"50px\" height=\"50px\" viewbox=\"0 0 50 50\" version=\"1.1\" xmlns:xlink=\"http:\/\/www.w3.org\/1999\/xlink\">\n<g id=\"surface1\">\n<path style=\" stroke:none;fill-rule:evenodd;fill:rgb(0%,0%,0%);fill-opacity:1;\" d=\"M 16.683594 27.484375 L 3.054688 27.484375 C 2.621094 27.484375 2.273438 27.132812 2.273438 26.703125 C 2.273438 26.273438 2.621094 25.921875 3.054688 25.921875 L 16.683594 25.921875 C 17.117188 25.921875 17.464844 26.273438 17.464844 26.703125 C 17.464844 27.132812 17.117188 27.484375 16.683594 27.484375 Z M 15.195312 22.238281 C 15.195312 21.804688 14.84375 21.457031 14.414062 21.457031 L 0.78125 21.457031 C 0.351562 21.457031 0 21.804688 0 22.238281 C 0 22.667969 0.351562 23.019531 0.78125 23.019531 L 14.414062 23.019531 C 14.84375 23.019531 15.195312 22.667969 15.195312 22.238281 Z M 4.519531 18.554688 L 18.148438 18.554688 C 18.582031 18.554688 18.929688 18.203125 18.929688 17.773438 C 18.929688 17.339844 18.582031 16.992188 18.148438 16.992188 L 4.519531 16.992188 C 4.085938 16.992188 3.738281 17.339844 3.738281 17.773438 C 3.738281 18.203125 4.085938 18.554688 4.519531 18.554688 Z M 50 25.414062 L 50 35.082031 C 50 36.207031 49.085938 37.121094 47.964844 37.121094 L 45.941406 37.121094 C 45.574219 39.023438 43.898438 40.464844 41.886719 40.464844 C 39.878906 40.464844 38.199219 39.023438 37.835938 37.121094 L 21.867188 37.121094 C 21.5 39.023438 19.820312 40.464844 17.8125 40.464844 C 15.804688 40.464844 14.125 39.023438 13.757812 37.121094 L 9.386719 37.121094 C 8.035156 37.121094 6.933594 36.019531 6.933594 34.664062 L 6.933594 29.875 C 6.933594 29.441406 7.285156 29.09375 7.714844 29.09375 C 8.144531 29.09375 8.496094 29.441406 8.496094 29.875 L 8.496094 34.664062 C 8.496094 35.15625 8.894531 35.558594 9.386719 35.558594 L 13.757812 35.558594 C 14.125 33.652344 15.804688 32.210938 17.8125 32.210938 C 19.820312 32.210938 21.5 33.652344 21.867188 35.558594 L 33.777344 35.558594 L 33.777344 11.988281 C 33.777344 11.496094 33.375 11.09375 32.882812 11.09375 L 9.386719 11.09375 C 8.894531 11.09375 8.496094 11.496094 8.496094 11.988281 L 8.496094 14.601562 C 8.496094 15.035156 8.144531 15.382812 7.714844 15.382812 C 7.285156 15.382812 6.933594 15.035156 6.933594 14.601562 L 6.933594 11.988281 C 6.933594 10.632812 8.035156 9.53125 9.386719 9.53125 L 32.882812 9.53125 C 34.238281 9.53125 35.339844 10.632812 35.339844 11.988281 L 35.339844 14.902344 L 43.804688 14.902344 C 45.007812 14.902344 46.03125 15.554688 46.476562 16.601562 L 49.796875 24.417969 C 49.933594 24.746094 50 25.0625 50 25.414062 Z M 20.378906 36.339844 C 20.378906 34.921875 19.226562 33.773438 17.8125 33.773438 C 16.398438 33.773438 15.246094 34.921875 15.246094 36.339844 C 15.246094 37.753906 16.398438 38.902344 17.8125 38.902344 C 19.226562 38.902344 20.378906 37.753906 20.378906 36.339844 Z M 44.453125 36.339844 C 44.453125 34.921875 43.300781 33.773438 41.886719 33.773438 C 40.472656 33.773438 39.320312 34.921875 39.320312 36.339844 C 39.320312 37.753906 40.472656 38.902344 41.886719 38.902344 C 43.300781 38.902344 44.453125 37.753906 44.453125 36.339844 Z M 48.4375 35.082031 L 48.4375 34.140625 L 47.09375 34.140625 C 46.34375 34.140625 45.734375 33.53125 45.734375 32.78125 L 45.734375 30.351562 C 45.734375 29.601562 46.34375 28.992188 47.09375 28.992188 L 48.4375 28.992188 L 48.4375 25.414062 C 48.4375 25.269531 48.414062 25.164062 48.359375 25.027344 L 45.039062 17.210938 C 44.84375 16.75 44.371094 16.464844 43.804688 16.464844 L 35.339844 16.464844 L 35.339844 35.558594 L 37.835938 35.558594 C 38.199219 33.652344 39.878906 32.210938 41.886719 32.210938 C 43.898438 32.210938 45.574219 33.652344 45.941406 35.558594 L 47.964844 35.558594 C 48.226562 35.558594 48.4375 35.34375 48.4375 35.082031 Z M 47.296875 30.554688 L 47.296875 32.578125 L 48.4375 32.578125 L 48.4375 30.554688 Z M 46.308594 25.570312 L 37.128906 25.570312 C 36.699219 25.570312 36.347656 25.21875 36.347656 24.789062 L 36.347656 18.257812 C 36.347656 17.824219 36.699219 17.476562 37.128906 17.476562 L 43.535156 17.476562 C 43.851562 17.476562 44.132812 17.664062 44.253906 17.953125 L 47.03125 24.484375 C 47.132812 24.722656 47.105469 25 46.960938 25.21875 C 46.816406 25.4375 46.574219 25.570312 46.308594 25.570312 Z M 45.128906 24.007812 L 43.019531 19.039062 L 37.910156 19.039062 L 37.910156 24.007812 Z M 17.8125 35.199219 C 17.183594 35.199219 16.671875 35.707031 16.671875 36.339844 C 16.671875 36.96875 17.183594 37.480469 17.8125 37.480469 C 18.441406 37.480469 18.953125 36.96875 18.953125 36.339844 C 18.953125 35.707031 18.441406 35.199219 17.8125 35.199219 Z M 41.886719 35.199219 C 41.257812 35.199219 40.746094 35.707031 40.746094 36.339844 C 40.746094 36.96875 41.257812 37.480469 41.886719 37.480469 C 42.519531 37.480469 43.027344 36.96875 43.027344 36.339844 C 43.027344 35.707031 42.519531 35.199219 41.886719 35.199219 Z M 41.886719 35.199219 \"><\/path>\n<\/g>\n<\/svg>","title":"Frete Grátis","description":"Entrega em todo Brasil"}},"9c10718a-231a-4ad4-800a-8c03b76898a0":{"type":"advantage","settings":{"icon":"<!--?xml version=\"1.0\" encoding=\"UTF-8\"?-->\n<svg xmlns=\"http:\/\/www.w3.org\/2000\/svg\" width=\"50px\" viewbox=\"0 0 50 50\" version=\"1.1\" xmlns:xlink=\"http:\/\/www.w3.org\/1999\/xlink\">\n<g id=\"surface1\">\n<path style=\" stroke:none;fill-rule:nonzero;fill:rgb(0%,0%,0%);fill-opacity:1;\" d=\"M 26.660156 32.914062 L 39.988281 32.914062 C 40.488281 32.914062 40.820312 32.582031 40.820312 32.082031 L 40.820312 24.582031 C 40.820312 24.082031 40.488281 23.75 39.988281 23.75 L 26.660156 23.75 C 26.160156 23.75 25.824219 24.082031 25.824219 24.582031 L 25.824219 32.082031 C 25.824219 32.582031 26.160156 32.914062 26.660156 32.914062 Z M 27.492188 25.417969 L 39.15625 25.417969 L 39.15625 31.25 L 27.492188 31.25 Z M 27.492188 25.417969 \"><\/path>\n<path style=\" stroke:none;fill-rule:nonzero;fill:rgb(0%,0%,0%);fill-opacity:1;\" d=\"M 4.164062 22.085938 L 10.828125 22.085938 C 11.328125 22.085938 11.664062 21.75 11.664062 21.25 C 11.664062 20.75 11.328125 20.417969 10.828125 20.417969 L 4.164062 20.417969 C 3.664062 20.417969 3.332031 20.75 3.332031 21.25 C 3.332031 21.75 3.664062 22.085938 4.164062 22.085938 Z M 4.164062 22.085938 \"><\/path>\n<path style=\" stroke:none;fill-rule:nonzero;fill:rgb(0%,0%,0%);fill-opacity:1;\" d=\"M 14.164062 22.085938 L 20.828125 22.085938 C 21.328125 22.085938 21.660156 21.75 21.660156 21.25 C 21.660156 20.75 21.328125 20.417969 20.828125 20.417969 L 14.164062 20.417969 C 13.664062 20.417969 13.328125 20.75 13.328125 21.25 C 13.328125 21.75 13.664062 22.085938 14.164062 22.085938 Z M 14.164062 22.085938 \"><\/path>\n<path style=\" stroke:none;fill-rule:nonzero;fill:rgb(0%,0%,0%);fill-opacity:1;\" d=\"M 4.164062 25.417969 L 14.996094 25.417969 C 15.496094 25.417969 15.828125 25.082031 15.828125 24.582031 C 15.828125 24.082031 15.496094 23.75 14.996094 23.75 L 4.164062 23.75 C 3.664062 23.75 3.332031 24.082031 3.332031 24.582031 C 3.332031 25.082031 3.664062 25.417969 4.164062 25.417969 Z M 4.164062 25.417969 \"><\/path>\n<path style=\" stroke:none;fill-rule:nonzero;fill:rgb(0%,0%,0%);fill-opacity:1;\" d=\"M 20.828125 23.75 L 18.328125 23.75 C 17.828125 23.75 17.496094 24.082031 17.496094 24.582031 C 17.496094 25.082031 17.828125 25.417969 18.328125 25.417969 L 20.828125 25.417969 C 21.328125 25.417969 21.660156 25.082031 21.660156 24.582031 C 21.660156 24.082031 21.328125 23.75 20.828125 23.75 Z M 20.828125 23.75 \"><\/path>\n<path style=\" stroke:none;fill-rule:nonzero;fill:rgb(0%,0%,0%);fill-opacity:1;\" d=\"M 49.234375 13.421875 C 48.652344 12.671875 47.902344 12.253906 46.984375 12.171875 L 44.984375 11.929688 L 44.984375 7.921875 C 44.984375 6.089844 43.488281 4.589844 41.652344 4.589844 L 3.332031 4.589844 C 1.5 4.589844 0 6.089844 0 7.921875 L 0 34.582031 C 0 36.085938 1.011719 37.363281 2.386719 37.773438 C 2.34375 39.460938 3.621094 40.921875 5.332031 41.078125 L 43.820312 45.410156 C 43.902344 45.410156 44.070312 45.410156 44.152344 45.410156 C 45.820312 45.410156 47.320312 44.160156 47.484375 42.578125 L 49.984375 15.835938 C 50.066406 15.003906 49.816406 14.085938 49.234375 13.421875 Z M 1.667969 10.421875 L 43.320312 10.421875 L 43.320312 15.417969 L 1.667969 15.417969 Z M 3.332031 6.253906 L 41.652344 6.253906 C 42.570312 6.253906 43.320312 7.003906 43.320312 7.921875 L 43.320312 8.753906 L 1.667969 8.753906 L 1.667969 7.921875 C 1.667969 7.003906 2.414062 6.253906 3.332031 6.253906 Z M 1.667969 34.582031 L 1.667969 17.085938 L 43.320312 17.085938 L 43.320312 34.582031 C 43.320312 35.496094 42.570312 36.246094 41.652344 36.246094 L 3.332031 36.246094 C 2.414062 36.246094 1.667969 35.496094 1.667969 34.582031 Z M 48.316406 15.503906 L 45.820312 42.246094 C 45.734375 43.160156 44.902344 43.828125 43.984375 43.746094 L 5.582031 39.414062 C 4.75 39.328125 4.164062 38.664062 4.082031 37.914062 L 41.652344 37.914062 C 43.484375 37.914062 44.984375 36.414062 44.984375 34.582031 L 44.984375 13.503906 L 46.902344 13.671875 C 47.320312 13.671875 47.734375 13.921875 47.984375 14.253906 C 48.234375 14.585938 48.402344 15.085938 48.316406 15.503906 Z M 48.316406 15.503906 \"><\/path>\n<\/g>\n<\/svg>","title":"Parcelamento","description":"Em até 3x sem juros"}},"5266cc9f-40d5-484a-aa1a-676a3ada403e":{"type":"advantage","settings":{"icon":"<!--?xml version=\"1.0\" standalone=\"no\"?-->\n\n<svg version=\"1.0\" xmlns=\"http:\/\/www.w3.org\/2000\/svg\" width=\"326.000000pt\" height=\"326.000000pt\" viewbox=\"0 0 326.000000 326.000000\" preserveaspectratio=\"xMidYMid meet\">\n\n<g transform=\"translate(0.000000,326.000000) scale(0.100000,-0.100000)\" fill=\"#000000\" stroke=\"none\">\n<path d=\"M1558 3249 c-84 -9 -161 -44 -241 -108 -61 -49 -647 -631 -647 -642\n0 -4 44 -9 98 -11 110 -6 172 -25 251 -75 30 -20 170 -150 311 -290 140 -140\n264 -261 275 -269 11 -8 35 -14 54 -14 31 0 57 24 320 284 301 299 328 320\n448 351 31 8 81 15 110 15 29 0 53 4 53 8 0 17 -647 651 -695 681 -91 58 -212\n83 -337 70z m153 -79 c115 -22 146 -45 437 -334 149 -148 272 -274 272 -278 0\n-4 -6 -8 -14 -8 -26 0 -121 -44 -176 -81 -30 -21 -170 -153 -310 -293 -140\n-141 -262 -256 -270 -256 -9 0 -132 118 -275 261 -150 151 -285 278 -320 301\n-33 22 -93 49 -132 61 -40 11 -73 24 -73 27 0 16 530 530 570 553 87 50 187\n66 291 47z\"><\/path>\n<path d=\"M316 2146 c-114 -115 -221 -230 -237 -255 -82 -129 -93 -346 -24\n-481 29 -58 80 -116 276 -315 l188 -190 163 6 c140 4 170 8 213 27 39 18 110\n83 330 302 304 303 326 320 425 320 98 0 121 -18 415 -309 149 -147 284 -277\n300 -288 55 -38 130 -53 259 -53 l121 0 176 178 c97 97 199 205 227 239 127\n157 141 380 35 563 -15 25 -119 138 -231 253 l-206 207 -122 0 c-95 0 -137 -5\n-190 -21 l-69 -21 -280 -277 c-154 -153 -295 -288 -313 -301 -46 -31 -146 -39\n-205 -16 -34 13 -102 74 -299 269 -140 140 -275 270 -300 290 -77 63 -105 71\n-283 77 l-160 5 -209 -209z m554 102 c31 -15 129 -105 323 -297 181 -180 293\n-284 323 -299 l46 -24 -52 -24 c-41 -19 -114 -85 -339 -307 -237 -235 -293\n-285 -327 -295 -23 -7 -100 -12 -171 -12 l-130 0 -195 198 c-213 217 -240 256\n-260 376 -8 48 -8 84 0 132 20 121 47 160 265 381 l199 202 137 -5 c111 -4\n144 -9 181 -26z m2041 -175 c213 -216 241 -256 262 -377 8 -49 8 -83 0 -132\n-21 -121 -49 -161 -262 -377 l-194 -197 -116 0 c-99 0 -123 4 -164 23 -35 16\n-119 93 -320 294 -219 218 -283 277 -326 297 l-54 25 49 22 c37 17 118 91 335\n306 157 156 287 283 290 283 2 0 22 7 44 15 25 9 81 14 151 15 l111 0 194\n-197z\"><\/path>\n<path d=\"M1600 1404 c-14 -9 -144 -135 -290 -279 -146 -145 -283 -274 -306\n-288 -65 -40 -132 -59 -239 -66 l-100 -7 330 -330 c202 -203 349 -342 379\n-359 83 -48 149 -65 256 -65 105 0 175 18 259 66 43 25 701 669 701 686 0 4\n-20 8 -44 8 -69 0 -146 18 -216 51 -56 26 -99 64 -335 298 -148 147 -281 275\n-295 285 -31 20 -69 21 -100 0z m344 -342 c290 -287 315 -307 434 -344 23 -7\n42 -15 42 -18 0 -3 -123 -128 -272 -276 -300 -298 -325 -316 -457 -337 -52 -8\n-87 -8 -133 1 -123 23 -151 44 -446 336 l-272 270 73 21 c40 11 95 34 123 49\n29 17 161 141 325 302 151 151 282 274 289 274 8 0 140 -125 294 -278z\"><\/path>\n<\/g>\n<\/svg>","title":"Pagamento à vista","description":"10% de desconto no PIX"}},"f21f0586-3509-4b00-8300-499bf4b00561":{"type":"advantage","settings":{"icon":"<!--?xml version=\"1.0\" encoding=\"UTF-8\"?-->\n<svg xmlns=\"http:\/\/www.w3.org\/2000\/svg\" width=\"50px\" viewbox=\"0 0 50 50\" version=\"1.1\" xmlns:xlink=\"http:\/\/www.w3.org\/1999\/xlink\">\n<g id=\"surface1\">\n<path style=\" stroke:none;fill-rule:nonzero;fill:rgb(0%,0%,0%);fill-opacity:1;\" d=\"M 38.769531 19.085938 L 38.769531 13.769531 C 38.769531 6.175781 32.59375 0 25 0 C 17.40625 0 11.230469 6.175781 11.230469 13.769531 L 11.230469 19.085938 C 9.265625 19.464844 7.773438 21.195312 7.773438 23.273438 L 7.773438 32.773438 C 7.773438 42.273438 15.503906 50 25 50 C 34.496094 50 42.226562 42.273438 42.226562 32.773438 L 42.226562 23.273438 C 42.226562 21.195312 40.734375 19.464844 38.769531 19.085938 Z M 25 1.621094 C 31.699219 1.621094 37.148438 7.070312 37.148438 13.769531 L 37.148438 19.007812 L 35.3125 19.007812 L 35.3125 13.769531 C 35.3125 8.082031 30.6875 3.457031 25 3.457031 C 19.3125 3.457031 14.6875 8.082031 14.6875 13.769531 L 14.6875 19.007812 L 12.851562 19.007812 L 12.851562 13.769531 C 12.851562 7.070312 18.300781 1.621094 25 1.621094 Z M 16.308594 19.007812 L 16.308594 13.769531 C 16.308594 8.976562 20.207031 5.074219 25 5.074219 C 29.792969 5.074219 33.691406 8.976562 33.691406 13.769531 L 33.691406 19.007812 Z M 40.605469 32.773438 C 40.605469 41.378906 33.605469 48.378906 25 48.378906 C 16.394531 48.378906 9.394531 41.378906 9.394531 32.773438 L 9.394531 23.273438 C 9.394531 21.8125 10.582031 20.625 12.042969 20.625 L 37.957031 20.625 C 39.417969 20.625 40.605469 21.8125 40.605469 23.273438 Z M 40.605469 32.773438 \"><\/path>\n<path style=\" stroke:none;fill-rule:nonzero;fill:rgb(0%,0%,0%);fill-opacity:1;\" d=\"M 29.265625 31.910156 C 29.265625 30.601562 28.675781 29.382812 27.652344 28.570312 C 26.625 27.753906 25.289062 27.460938 23.988281 27.761719 C 22.460938 28.117188 21.234375 29.332031 20.863281 30.851562 C 20.453125 32.535156 21.0625 34.246094 22.394531 35.273438 L 21.761719 39.429688 C 21.6875 39.914062 21.828125 40.40625 22.148438 40.777344 C 22.464844 41.144531 22.925781 41.355469 23.414062 41.355469 C 23.417969 41.355469 23.417969 41.355469 23.421875 41.355469 L 26.59375 41.34375 C 27.078125 41.34375 27.542969 41.128906 27.859375 40.761719 C 28.175781 40.390625 28.316406 39.902344 28.242188 39.417969 L 27.605469 35.269531 C 28.640625 34.46875 29.265625 33.226562 29.265625 31.910156 Z M 26.320312 34.1875 C 26.03125 34.355469 25.878906 34.679688 25.925781 35.011719 L 26.640625 39.664062 C 26.640625 39.671875 26.644531 39.6875 26.628906 39.707031 C 26.609375 39.726562 26.59375 39.726562 26.585938 39.726562 L 23.414062 39.738281 C 23.40625 39.738281 23.390625 39.738281 23.375 39.71875 C 23.359375 39.699219 23.359375 39.683594 23.359375 39.675781 L 24.074219 35.011719 C 24.125 34.679688 23.96875 34.355469 23.679688 34.1875 C 22.636719 33.582031 22.148438 32.421875 22.4375 31.238281 C 22.664062 30.316406 23.433594 29.554688 24.355469 29.339844 C 24.574219 29.289062 24.792969 29.265625 25.003906 29.265625 C 25.601562 29.265625 26.167969 29.460938 26.644531 29.839844 C 27.28125 30.34375 27.644531 31.097656 27.644531 31.910156 C 27.644531 32.855469 27.148438 33.703125 26.320312 34.1875 Z M 26.320312 34.1875 \"><\/path>\n<\/g>\n<\/svg>","title":"Segurança","description":"Loja com SSL de proteção"}}},"block_order":["a7207c51-e6a2-46ed-91e5-b87a5071dc86","9c10718a-231a-4ad4-800a-8c03b76898a0","5266cc9f-40d5-484a-aa1a-676a3ada403e","f21f0586-3509-4b00-8300-499bf4b00561"],"settings":{"padding_top":"20","padding_bottom":"0","background_color":"#ffffff","title_color":"#565656","description_color":"#7e7e7e","icon_color":"#ff6606"}},"info-bar":{"type":"info-bar","blocks":{"info-bar-0":{"type":"text","settings":{"icon":"<svg width=\"50px\" height=\"50px\" viewbox=\"0 0 50 50\"><g id=\"surface1\"><path style=\"stroke:none;fill-rule:nonzero;fill:rgb(0%,0%,0%);fill-opacity:1;\" d=\"M 24.535156 42.296875 L 23.933594 42.597656 L 6.25 34.738281 L 6.25 14.101562 L 23.535156 21.785156 C 23.804688 21.90625 24.113281 21.90625 24.382812 21.785156 L 41.667969 14.101562 L 41.667969 22.917969 C 41.671875 23.488281 42.136719 23.949219 42.707031 23.949219 C 43.28125 23.949219 43.746094 23.488281 43.75 22.917969 L 43.75 12.5 C 43.75 12.089844 43.507812 11.714844 43.132812 11.546875 L 24.382812 3.214844 C 24.113281 3.09375 23.804688 3.09375 23.535156 3.214844 L 4.785156 11.546875 C 4.410156 11.714844 4.167969 12.089844 4.167969 12.5 L 4.167969 35.417969 C 4.167969 35.828125 4.410156 36.199219 4.785156 36.367188 L 23.535156 44.703125 C 23.820312 44.828125 24.144531 44.820312 24.421875 44.683594 L 25.464844 44.160156 C 25.800781 43.996094 26.023438 43.664062 26.042969 43.292969 C 26.066406 42.917969 25.890625 42.5625 25.578125 42.355469 C 25.265625 42.152344 24.867188 42.128906 24.535156 42.296875 Z M 23.957031 19.695312 L 16.589844 16.417969 L 32.714844 9.25 C 32.734375 9.242188 32.75 9.230469 32.765625 9.222656 L 40.144531 12.5 Z M 23.957031 5.304688 L 30.210938 8.085938 L 14.160156 15.21875 C 14.117188 15.238281 14.078125 15.261719 14.039062 15.285156 L 7.773438 12.5 Z M 23.957031 5.304688\"><\/path><path style=\"stroke:none;fill-rule:nonzero;fill:rgb(0%,0%,0%);fill-opacity:1;\" d=\"M 35.417969 23.957031 C 29.664062 23.957031 25 28.621094 25 34.375 C 25 40.128906 29.664062 44.792969 35.417969 44.792969 C 41.167969 44.792969 45.832031 40.128906 45.832031 34.375 C 45.828125 28.625 41.167969 23.964844 35.417969 23.957031 Z M 35.417969 42.707031 C 30.8125 42.707031 27.082031 38.976562 27.082031 34.375 C 27.082031 29.773438 30.8125 26.042969 35.417969 26.042969 C 40.019531 26.042969 43.75 29.773438 43.75 34.375 C 43.746094 38.976562 40.015625 42.703125 35.417969 42.707031 Z M 35.417969 42.707031\"><\/path><path style=\"stroke:none;fill-rule:nonzero;fill:rgb(0%,0%,0%);fill-opacity:1;\" d=\"M 38.847656 31.554688 L 34.375 36.027344 L 32.507812 34.160156 C 32.246094 33.890625 31.859375 33.785156 31.496094 33.878906 C 31.132812 33.976562 30.851562 34.257812 30.753906 34.621094 C 30.660156 34.984375 30.765625 35.371094 31.035156 35.632812 L 33.636719 38.238281 C 34.046875 38.644531 34.703125 38.644531 35.113281 38.238281 L 40.320312 33.027344 C 40.71875 32.621094 40.714844 31.96875 40.3125 31.5625 C 39.90625 31.160156 39.253906 31.15625 38.847656 31.554688 Z M 38.847656 31.554688\"><\/path><\/g><\/svg>","title":"Frete grátis para todo o Brasil","description":"Receba seu pedido no conforto da sua casa com entrega garantida e segurada pelos Correios."}},"info-bar-1":{"type":"text","settings":{"icon":"<svg width=\"50px\" height=\"50px\" viewbox=\"0 0 50 50\"><g id=\"surface1\"><path style=\"stroke:none;fill-rule:nonzero;fill:rgb(0%,0%,0%);fill-opacity:1;\" d=\"M 3.125 4.6875 L 8.136719 4.6875 L 13.660156 28.164062 C 11.15625 28.371094 9.265625 30.515625 9.371094 33.027344 C 9.480469 35.535156 11.550781 37.511719 14.0625 37.5 L 40.625 37.5 C 41.488281 37.5 42.1875 36.800781 42.1875 35.9375 C 42.1875 35.074219 41.488281 34.375 40.625 34.375 L 14.0625 34.375 C 13.199219 34.375 12.5 33.675781 12.5 32.8125 C 12.5 31.949219 13.199219 31.25 14.0625 31.25 L 40.441406 31.25 C 42.617188 31.253906 44.511719 29.757812 45.003906 27.636719 L 48.3125 13.574219 C 48.640625 12.179688 48.316406 10.710938 47.425781 9.589844 C 46.535156 8.464844 45.183594 7.8125 43.75 7.8125 L 12.082031 7.8125 L 10.898438 2.765625 C 10.730469 2.0625 10.101562 1.5625 9.375 1.5625 L 3.125 1.5625 C 2.261719 1.5625 1.5625 2.261719 1.5625 3.125 C 1.5625 3.988281 2.261719 4.6875 3.125 4.6875 Z M 43.75 10.9375 C 44.222656 10.945312 44.667969 11.167969 44.964844 11.539062 C 45.257812 11.910156 45.371094 12.394531 45.273438 12.859375 L 41.960938 26.921875 C 41.796875 27.628906 41.167969 28.128906 40.441406 28.125 L 16.863281 28.125 L 12.8125 10.9375 Z M 43.75 10.9375\"><\/path><path style=\"stroke:none;fill-rule:nonzero;fill:rgb(0%,0%,0%);fill-opacity:1;\" d=\"M 31.25 43.75 C 31.25 46.339844 33.347656 48.4375 35.9375 48.4375 C 38.527344 48.4375 40.625 46.339844 40.625 43.75 C 40.625 41.160156 38.527344 39.0625 35.9375 39.0625 C 33.347656 39.0625 31.25 41.160156 31.25 43.75 Z M 37.5 43.75 C 37.5 44.613281 36.800781 45.3125 35.9375 45.3125 C 35.074219 45.3125 34.375 44.613281 34.375 43.75 C 34.375 42.886719 35.074219 42.1875 35.9375 42.1875 C 36.800781 42.1875 37.5 42.886719 37.5 43.75 Z M 37.5 43.75\"><\/path><path style=\"stroke:none;fill-rule:nonzero;fill:rgb(0%,0%,0%);fill-opacity:1;\" d=\"M 14.0625 43.75 C 14.0625 46.339844 16.160156 48.4375 18.75 48.4375 C 21.339844 48.4375 23.4375 46.339844 23.4375 43.75 C 23.4375 41.160156 21.339844 39.0625 18.75 39.0625 C 16.160156 39.0625 14.0625 41.160156 14.0625 43.75 Z M 20.3125 43.75 C 20.3125 44.613281 19.613281 45.3125 18.75 45.3125 C 17.886719 45.3125 17.1875 44.613281 17.1875 43.75 C 17.1875 42.886719 17.886719 42.1875 18.75 42.1875 C 19.613281 42.1875 20.3125 42.886719 20.3125 43.75 Z M 20.3125 43.75\"><\/path><\/g><\/svg>","title":"Pedido monitorado","description":"Receba seu pedido no conforto da sua casa com entrega garantida e segurada pelos Correios."}},"info-bar-2":{"type":"text","settings":{"icon":"<svg width=\"50px\" height=\"50px\" viewbox=\"0 0 16 16\"><path d=\"M8 1a5 5 0 0 0-5 5v1h1a1 1 0 0 1 1 1v3a1 1 0 0 1-1 1H3a1 1 0 0 1-1-1V6a6 6 0 1 1 12 0v6a2.5 2.5 0 0 1-2.5 2.5H9.366a1 1 0 0 1-.866.5h-1a1 1 0 1 1 0-2h1a1 1 0 0 1 .866.5H11.5A1.5 1.5 0 0 0 13 12h-1a1 1 0 0 1-1-1V8a1 1 0 0 1 1-1h1V6a5 5 0 0 0-5-5z\"><\/path><\/svg>","title":"Precisa de atendimento?","description":"Receba seu pedido no conforto da sua casa com entrega garantida e segurada pelos Correios."}},"info-bar-3":{"type":"text","settings":{"icon":"<svg width=\"50px\" height=\"50px\" viewbox=\"0 0 50 50\"><g id=\"surface1\"><path style=\"stroke:none;fill-rule:nonzero;fill:rgb(0%,0%,0%);fill-opacity:1;\" d=\"M 43.429688 4.003906 L 6.574219 4.003906 C 2.949219 4.003906 0 6.953125 0 10.578125 L 0 31.609375 C 0 35.160156 2.828125 38.058594 6.347656 38.179688 L 6.347656 43.441406 C 6.347656 44.851562 7.492188 45.996094 8.902344 45.996094 L 20.785156 45.996094 C 22.195312 45.996094 23.339844 44.851562 23.339844 43.441406 L 23.339844 38.183594 L 43.429688 38.183594 C 47.050781 38.183594 50 35.234375 50 31.609375 L 50 10.574219 C 50 6.953125 47.050781 4.003906 43.429688 4.003906 Z M 6.574219 6.933594 L 43.429688 6.933594 C 45.4375 6.933594 47.070312 8.566406 47.070312 10.578125 L 47.070312 11.816406 L 2.929688 11.816406 L 2.929688 10.578125 C 2.929688 8.566406 4.5625 6.933594 6.570312 6.933594 Z M 18.066406 31.347656 L 11.621094 31.347656 L 11.621094 29.6875 C 11.621094 28.339844 12.714844 27.246094 14.0625 27.246094 L 15.625 27.246094 C 16.972656 27.246094 18.066406 28.339844 18.066406 29.6875 Z M 20.410156 43.066406 L 9.277344 43.066406 L 9.277344 34.277344 L 20.410156 34.277344 Z M 43.429688 35.253906 L 23.339844 35.253906 L 23.339844 33.902344 C 23.339844 32.5625 22.304688 31.464844 20.996094 31.355469 L 20.996094 29.6875 C 20.996094 26.726562 18.585938 24.316406 15.625 24.316406 L 14.0625 24.316406 C 11.101562 24.316406 8.691406 26.726562 8.691406 29.6875 L 8.691406 31.355469 C 7.382812 31.464844 6.347656 32.5625 6.347656 33.902344 L 6.347656 35.246094 C 4.445312 35.128906 2.929688 33.542969 2.929688 31.609375 L 2.929688 14.746094 L 47.070312 14.746094 L 47.070312 31.609375 C 47.070312 33.621094 45.4375 35.253906 43.429688 35.253906 Z M 43.429688 35.253906\"><\/path><path style=\"stroke:none;fill-rule:nonzero;fill:rgb(0%,0%,0%);fill-opacity:1;\" d=\"M 23.4375 18.066406 L 7.8125 18.066406 C 7.003906 18.066406 6.347656 18.722656 6.347656 19.53125 C 6.347656 20.339844 7.003906 20.996094 7.8125 20.996094 L 23.4375 20.996094 C 24.246094 20.996094 24.902344 20.339844 24.902344 19.53125 C 24.902344 18.722656 24.246094 18.066406 23.4375 18.066406 Z M 23.4375 18.066406\"><\/path><path style=\"stroke:none;fill-rule:nonzero;fill:rgb(0%,0%,0%);fill-opacity:1;\" d=\"M 40.070312 18.066406 L 31.804688 18.066406 C 29.828125 18.066406 28.222656 19.671875 28.222656 21.648438 L 28.222656 23.664062 C 28.222656 25.640625 29.828125 27.246094 31.804688 27.246094 L 40.070312 27.246094 C 42.046875 27.246094 43.652344 25.640625 43.652344 23.664062 L 43.652344 21.648438 C 43.652344 19.671875 42.046875 18.066406 40.070312 18.066406 Z M 40.722656 23.664062 C 40.722656 24.023438 40.429688 24.316406 40.070312 24.316406 L 31.804688 24.316406 C 31.445312 24.316406 31.152344 24.023438 31.152344 23.664062 L 31.152344 21.648438 C 31.152344 21.289062 31.445312 20.996094 31.804688 20.996094 L 40.070312 20.996094 C 40.429688 20.996094 40.722656 21.289062 40.722656 21.648438 Z M 40.722656 23.664062\"><\/path><\/g><\/svg>","title":"Compra segura","description":"Receba seu pedido no conforto da sua casa com entrega garantida e segurada pelos Correios."}}},"block_order":["info-bar-0","info-bar-1","info-bar-2","info-bar-3"],"settings":{"show_infobar":true,"stack_mobile":true,"mobile_lines":1,"tablet_lines":2,"desktop_lines":4,"padding_top":"0","padding_bottom":"0","background_color":"#e7e7e7","title_color":"#202020","description_color":"#202020","icon_color":"#80007f"}},"newsletter-bar":{"type":"newsletter-bar","settings":{"show_newsletterbar":true,"description":"Ganhe 10% de desconto na sua primeira compra!","input_placeholder":"Digite seu e-mail","button_text":"Cadastrar","background_color":"#80007f","title_color":"#ffffff","button_color":"#ff6606","button_text_color":"#f9f9f9","icon_color":"#ff6606"}},"ad-banner":{"type":"ad-banner","settings":{"show_adbanner":true,"active_infinite_banner":true,"ad_link":"shopify:\/\/collections\/all","background_color":"#80007f"}},"support-floating":{"type":"support-floating","blocks":{"422593ba-23ca-4df3-9744-42a8acc77c49":{"type":"ct","settings":{"ct_title":"Telefone","ct_ddi":"55","ct_number":"(11) 99999-9999","ct_service_area":"Capitais e regiões metropolitanas"}},"21bee846-6d8f-48e2-8416-71683819f737":{"type":"cw","settings":{"cw_title":"Whatsapp","show_contact":true,"cw_ddi":"55","cw_number":"(11) 99999-9999","cw_text":"Olá vim da sua loja!","cw_product_link":false,"cw_attendant":"Luana","show_contact2":false,"cw_ddi2":"55","cw_number2":"(11) 99999-9999","cw_text2":"Olá vim da sua loja!","cw_product_link2":false,"cw_attendant2":"Luana"}},"0bd4136e-7c01-477b-90a2-2b07039e92f4":{"type":"ce","settings":{"ce_title":"E-mail","ce_email":"contato@sualoja.com"}},"e80d3893-3a0b-4453-867e-f9f7a9796226":{"type":"ha","settings":{"ha_title":"Horário de atendimento","ha_description":"<span>seg a sex das 10h às 18h<\/span><span>sab das 10h às 14h<\/span>"}}},"block_order":["422593ba-23ca-4df3-9744-42a8acc77c49","21bee846-6d8f-48e2-8416-71683819f737","0bd4136e-7c01-477b-90a2-2b07039e92f4","e80d3893-3a0b-4453-867e-f9f7a9796226"],"settings":{"show_supportfloating":true,"title":"Precisa de ajuda?","description":"Fale com um de nossos atendentes","button_position":"right","background_color":"#ff6606","text_color":"#ffffff","icon_color":"#ffffff","text_block_color":"#202020","icon_block_color":"#271138","tag_block_color":"#00b27a"}},"3cac9fd7-104b-44bf-b9ac-c21ed26f0c47":{"type":"review-list","blocks":{"c81bcaa8-2394-4b2a-aa3e-1ee15254b09d":{"type":"avaliacao","settings":{"person_name":"Isabela Silva","review_date":"15\/11\/2022","review_description":"Eu nunca imaginei que seria tão fácil começar minha própria loja de dropshipping. Graças às dicas que encontrei online, consegui lançar minha loja em poucos dias!\" - Ana, 27 anos","amount_stars":5}},"6cdbf350-ee37-40b8-b9e4-7841bc4e1315":{"type":"avaliacao","settings":{"person_name":"Pedro Santos","review_date":"22\/04\/2022","review_description":"Eu estava um pouco preocupado com a ideia de trabalhar com fornecedores estrangeiros, mas o processo de dropshipping acabou sendo muito simples. Estou muito feliz com minha loja!\" - Marcos, 34 anos.\n\n\"Eu não tinha experiê","amount_stars":5}},"45022e1d-47c6-4afb-9db1-cb2806923894":{"type":"avaliacao","settings":{"person_name":"Fernanda Oliveira","review_date":"03\/07\/2022","review_description":"Eu não tinha experiência em negócios online, mas queria começar uma loja de dropshipping como fonte de renda extra. Aprendi muito sobre marketing digital e hoje minha loja está prosperando!","amount_stars":5}},"62065b4a-4f2a-438b-9b82-35491ae3da14":{"type":"avaliacao","settings":{"person_name":"Lucas Costa","review_date":"15\/11\/2022","review_description":"Acho que a melhor parte de ter uma loja de dropshipping é a flexibilidade que ela oferece. Posso gerenciar tudo de qualquer lugar, basta ter acesso à internet. É perfeito para mim, que adoro viajar!","amount_stars":5}},"87f01ed8-0be4-4132-bd4f-a9a5b412e56d":{"type":"avaliacao","settings":{"person_name":"Maria Almeida","review_date":"28\/02\/2023","review_description":"Eu estava desempregado e precisava encontrar uma maneira de ganhar dinheiro rapidamente. Investi em uma loja de dropshipping e estou impressionado com os resultados. Agora estou trabalhando para mim mesmo e não poderia estar mais feliz!\" - Guilherme","amount_stars":5}}},"block_order":["c81bcaa8-2394-4b2a-aa3e-1ee15254b09d","6cdbf350-ee37-40b8-b9e4-7841bc4e1315","45022e1d-47c6-4afb-9db1-cb2806923894","62065b4a-4f2a-438b-9b82-35491ae3da14","87f01ed8-0be4-4132-bd4f-a9a5b412e56d"],"settings":{"title":"O que os clientes falam sobre nós","padding_top":"30","padding_bottom":"30"}},"4b4ea837-fd83-4dfe-adc1-6e7a2bfb9af8":{"type":"product-video","settings":{"title":"Produto em destaque","video_url":"https:\/\/www.youtube.com\/watch?v=fVW8-px4Ufw&ab_channel=Apple","button_text":"Produto do vídeo","product":"arvore-luz-das-fadas","padding_top":"0","padding_bottom":"0","button_color":"#ff6606"}},"57a9e2b1-3c43-4521-bacd-c94640ba1ba6":{"type":"brand-video","settings":{"title":"Sobre Nós","video_url":"https:\/\/www.youtube.com\/watch?v=4FHjbw6QjvA","image":"shopify:\/\/shop_images\/perfil-do-operador-de-telemarketing-cursos-cpt_3.jpg","description_title":"Saiba quem somos","description":"A Zuban possui uma variedade fantástica de produtos de alta qualidade. Visitei a loja física e fui muito bem atendido pela equipe, que me ajudou a escolher os melhores produtos, realmente eles são muito boms, indico completamente a loja","button_text":"Conheça a Zuban","link":"shopify:\/\/pages\/sobre-nos","padding_top":"30","padding_bottom":"30","button_color":"#ff6606"}},"ryviu-widget":{"type":"ryviu-widget","settings":{}},"511f7c78-2bf0-44ed-a69c-7e42297df5aa":{"type":"promotion-list","blocks":{"511f7c78-2bf0-44ed-a69c-7e42297df5aa-item-1":{"type":"item","settings":{"show_overlay":false,"overlay_opacity":50,"stretch_image":false,"background":"#6f42ef","text_color":"#ffffff","title":"Seu título","content":"Conte mais sobre seu produto, coleção...","content_position":"top_left","button_background":"#ffffff","button_text_color":"#6f42ef","button_text":"Leia mais","button_link":""}},"511f7c78-2bf0-44ed-a69c-7e42297df5aa-item-2":{"type":"item","settings":{"show_overlay":false,"overlay_opacity":50,"stretch_image":false,"background":"#fc2a68","text_color":"#ffffff","title":"Seu título","content":"Conte mais sobre seu produto, coleção...","content_position":"top_left","button_background":"#ffffff","button_text_color":"#fc2a68","button_text":"Leia mais","button_link":""}},"511f7c78-2bf0-44ed-a69c-7e42297df5aa-item-3":{"type":"item","disabled":true,"settings":{"show_overlay":false,"overlay_opacity":50,"stretch_image":false,"background":"#26c1ce","text_color":"#ffffff","title":"Seu título","content":"Conte mais sobre seu produto, coleção...","content_position":"top_left","button_background":"#ffffff","button_text_color":"#26c1ce","button_text":"Leia mais","button_link":""}}},"block_order":["511f7c78-2bf0-44ed-a69c-7e42297df5aa-item-1","511f7c78-2bf0-44ed-a69c-7e42297df5aa-item-2","511f7c78-2bf0-44ed-a69c-7e42297df5aa-item-3"],"settings":{"expand_items":false,"section_size":"medium","stack_mobile":false}},"336394b7-e4bc-439d-b990-e989f8bb68ae":{"type":"advantage-list","blocks":{"0b395865-dc27-4013-8df0-759fe027483c":{"type":"advantage","settings":{"icon":"","title":"","description":""}}},"block_order":["0b395865-dc27-4013-8df0-759fe027483c"],"settings":{"padding_top":"0","padding_bottom":"0","background_color":"#F3F3F3","title_color":"#CE0F2F","description_color":"#202020","icon_color":"#202020"}},"cdab5a31-189c-43d4-972c-1d3736996f47":{"type":"map","blocks":{"cdab5a31-189c-43d4-972c-1d3736996f47-store-1":{"type":"store","settings":{"title":"Store 1","address":"<p>123 Fake St. Toronto, Canada<\/p>","hours":"<p>Monday - Friday: 10AM - 9PM<br>Saturday: 11AM - 9PM<br>Sunday: Closed<\/p>","map_address":"80 Spadina Ave, Toronto"}},"cdab5a31-189c-43d4-972c-1d3736996f47-store-2":{"type":"store","settings":{"title":"Store 2","address":"<p>123 Fake St. Ottawa, Canada<\/p>","hours":"<p>Monday - Friday: 10AM - 9PM<br>Saturday: 11AM - 9PM<br>Sunday: Closed<\/p>","map_address":"150 Elgin Street, Ottawa"}}},"block_order":["cdab5a31-189c-43d4-972c-1d3736996f47-store-1","cdab5a31-189c-43d4-972c-1d3736996f47-store-2"],"settings":{"title":"Our stores","map_link_label":"Get directions","api_key":"","zoom":15,"draggable_map":false,"show_map_controls":false,"map_style":"standard"}}},"content_for_index":["slideshow","af42648b-9f77-4652-8563-5141d782af00","165633738003167c2c","1647436697e002c185","4b4ea837-fd83-4dfe-adc1-6e7a2bfb9af8","16474367455eacd7be","4c8335f2-720e-49c4-b05d-ded02ee79249","57a9e2b1-3c43-4521-bacd-c94640ba1ba6","3cac9fd7-104b-44bf-b9ac-c21ed26f0c47","511f7c78-2bf0-44ed-a69c-7e42297df5aa","336394b7-e4bc-439d-b990-e989f8bb68ae","cdab5a31-189c-43d4-972c-1d3736996f47"]},"presets":{"Metal":{"heading_color":"#1e2d7d","text_color":"#677279","accent_color":"#00badb","link_color":"#00badb","border_color":"#e1e3e4","background":"#f3f5f6","secondary_background":"#ffffff","error_color":"#ff0000","success_color":"#00aa00","primary_button_background":"#00badb","primary_button_text_color":"#ffffff","secondary_button_background":"#1e2d7d","secondary_button_text_color":"#ffffff","header_background":"#1e2d7d","header_text_color":"#ffffff","header_light_text_color":"#a3afef","header_accent_color":"#00badb","product_on_sale_accent":"#ee0000","product_in_stock_color":"#008a00","product_low_stock_color":"#ee0000","product_sold_out_color":"#8a9297","product_label_1_background":"#008a00","product_label_2_background":"#00a500","product_star_color":"#ffbd00","footer_background_color":"#f3f5f6","footer_heading_text_color":"#1e2d7d","footer_body_text_color":"#677279","footer_accent_color":"#00badb","base_text_font_size":16,"heading_font":"din_next_n5","text_font":"din_next_n4","underline_links":true,"animation_image_zoom":true,"search_mode":"product,article","show_vendor":true,"show_secondary_image":true,"product_price_position":"after_title","product_image_size":"natural","show_discount":true,"discount_mode":"saving","show_color_swatch":false,"show_inventory_quantity":false,"low_inventory_threshold":0,"show_reviews_badge":false,"cart_type":"drawer","cart_empty_button_link":"shopify:\/\/collections\/all","cart_show_checkout_button":true,"cart_show_free_shipping_threshold":false,"cart_free_shipping_threshold":"50","share_image":"","social_facebook":"","social_twitter":"","social_google_plus":"","social_pinterest":"","social_instagram":"","social_vimeo":"","social_tumblr":"","social_youtube":"","social_linkedin":"","social_snapchat":"","social_fancy":"","favicon":"","checkout_header_image":"","checkout_logo_image":"","checkout_logo_position":"left","checkout_logo_size":"medium","checkout_body_background_image":"","checkout_body_background_color":"#fff","checkout_input_background_color_mode":"white","checkout_sidebar_background_image":"","checkout_sidebar_background_color":"#fafafa","checkout_heading_font":"-apple-system, BlinkMacSystemFont, 'Segoe UI', Roboto, Helvetica, Arial, sans-serif, 'Apple Color Emoji', 'Segoe UI Emoji', 'Segoe UI Symbol'","checkout_body_font":"-apple-system, BlinkMacSystemFont, 'Segoe UI', Roboto, Helvetica, Arial, sans-serif, 'Apple Color Emoji', 'Segoe UI Emoji', 'Segoe UI Symbol'","checkout_accent_color":"#00badb","checkout_button_color":"#00badb","checkout_error_color":"#ff0000","sections":{"header":{"type":"header","settings":{"logo":"","logo_max_width":140,"mobile_logo_max_width":100,"navigation_menu":"main-menu","desktop_navigation_layout":"inline","desktop_navigation_open_trigger":"hover","navigation_phone_number":"Call us 000-000-0000","navigation_email":"info@yourwebsite.com","search_menu":""}},"footer":{"type":"footer","blocks":{"footer-0":{"type":"text","settings":{"title":"About the shop","content":"<p>Use this text area to tell your customers about your brand and vision. You can change it in the theme settings.<\/p>"}},"footer-1":{"type":"links","settings":{"menu":"footer"}},"footer-2":{"type":"newsletter","settings":{"title":"Newsletter","subheading":"<p>A short sentence describing what someone will receive by subscribing<\/p>"}}},"block_order":["footer-0","footer-1","footer-2"],"settings":{"show_social_media":true,"show_payment_icons":true}},"slideshow":{"type":"slideshow","blocks":{"slide-0":{"type":"image","settings":{"image":"","mobile_image":"","text_color":"#ffffff","title":"Tell your story","content":"Tell your story","content_position":"bottomLeft","button_background":"#ffffff","button_text_color":"#000000","button_text":"Button","link":""}},"slide-1":{"type":"image","settings":{"image":"","mobile_image":"","text_color":"#ffffff","title":"Tell your story","content":"Tell your story","content_position":"bottomLeft","button_background":"#ffffff","button_text_color":"#000000","button_text":"Button","link":""}}},"block_order":["slide-0","slide-1"],"settings":{"edge_to_edge":true,"section_size":"preserve_ratio","cycle_speed":5}},"collection-list":{"type":"collection-list","blocks":{"collection-0":{"type":"collection","settings":{"collection":"","image":""}},"collection-1":{"type":"collection","settings":{"collection":"","image":""}},"collection-2":{"type":"collection","settings":{"collection":"","image":""}},"collection-3":{"type":"collection","settings":{"collection":"","image":""}},"collection-4":{"type":"collection","settings":{"collection":"","image":""}},"collection-5":{"type":"collection","settings":{"collection":"","image":""}}},"block_order":["collection-0","collection-1","collection-2","collection-3","collection-4","collection-5"],"settings":{"title":"Our collections","link_title":"View all","link":"shopify:\/\/collections"}},"featured-product":{"type":"featured-product","settings":{"product":"","title":"Featured product","selector_mode":"block","color_mode":"color","zoom_effect":"outside","carousel_effect":"fade","low_inventory_threshold":0}},"collection-template":{"type":"collection-template","settings":{"collection_image_size":"small","default_view_layout":"grid","show_quick_buy":"list","show_quick_view":"list","quick_links":"","filter_type":"tag"}},"recently-viewed-products":{"type":"recently-viewed-products","settings":{"title":"Recently viewed"}},"product-template":{"type":"product-template","settings":{"selector_mode":"block","color_mode":"color","zoom_effect":"outside","carousel_effect":"fade","low_inventory_threshold":0,"custom_security_badge":""}},"product-recommendations":{"type":"product-recommendations","settings":{}},"announcement-bar":{"type":"announcement-bar","settings":{"background":"#1e2d7d","text_color":"#ffffff","text":"Announce something here","link":"","newsletter_button":"Subscribe & Save","newsletter_title":"Newsletter","newsletter_content":"<p>A short sentence describing what someone will receive by subscribing<\/p>"}},"1542984811767":{"type":"featured-collection","settings":{"collection":"","title":"Featured collection","products_count":12,"layout":"vertical","link_title":"View all"}},"1542984842027":{"type":"newsletter","settings":{"title":"Newsletter","content":"<p>A short sentence describing what someone will receive by subscribing<\/p>"}},"1542984882560":{"type":"blog-posts","settings":{"blog":"news","title":"Blog posts"}}},"content_for_index":["slideshow","1542984811767","collection-list","1542984842027","featured-product","1542984882560"]},"Wood":{"heading_color":"#3a2a2f","text_color":"#3a2a2f","accent_color":"#ff6128","link_color":"#ff6128","border_color":"#e7e2de","background":"#f7f4f2","secondary_background":"#ffffff","error_color":"#f71b1b","success_color":"#48b448","primary_button_background":"#ff6128","primary_button_text_color":"#ffffff","secondary_button_background":"#3a2a2f","secondary_button_text_color":"#ffffff","header_background":"#3a2a2f","header_text_color":"#ffffff","header_light_text_color":"#e9e2dd","header_accent_color":"#ff6128","product_on_sale_accent":"#ee0000","product_in_stock_color":"#008a00","product_low_stock_color":"#ee0000","product_sold_out_color":"#d1d1d4","product_label_1_background":"#ff6128","product_label_2_background":"#a95ebe","product_star_color":"#ffb647","footer_background_color":"#f7f4f2","footer_heading_text_color":"#3a2a2f","footer_body_text_color":"#3a2a2f","footer_accent_color":"#ff6128","base_text_font_size":15,"heading_font":"itc_avant_garde_gothic_n5","text_font":"basic_commercial_n4","underline_links":true,"animation_image_zoom":true,"search_mode":"product,article,page","show_vendor":true,"show_secondary_image":true,"show_discount":true,"discount_mode":"percentage","product_price_position":"after_title","product_image_size":"square","show_color_swatch":false,"show_inventory_quantity":true,"low_inventory_threshold":1,"show_reviews_badge":false,"cart_type":"drawer","cart_empty_button_link":"shopify:\/\/collections\/all","cart_show_checkout_button":true,"cart_show_free_shipping_threshold":true,"cart_free_shipping_threshold":"50","checkout_logo_position":"center","checkout_logo_size":"medium","checkout_body_background_image":"","checkout_body_background_color":"#fff","checkout_input_background_color_mode":"white","checkout_sidebar_background_image":"","checkout_sidebar_background_color":"#f7f4f2","checkout_heading_font":"-apple-system, BlinkMacSystemFont, 'Segoe UI', Roboto, Helvetica, Arial, sans-serif, 'Apple Color Emoji', 'Segoe UI Emoji', 'Segoe UI Symbol'","checkout_body_font":"-apple-system, BlinkMacSystemFont, 'Segoe UI', Roboto, Helvetica, Arial, sans-serif, 'Apple Color Emoji', 'Segoe UI Emoji', 'Segoe UI Symbol'","checkout_accent_color":"#ff6128","checkout_button_color":"#ff6128","checkout_error_color":"#f71b1b","sections":{"header":{"type":"header","settings":{"logo":"","logo_max_width":140,"mobile_logo_max_width":100,"navigation_menu":"main-menu","desktop_navigation_layout":"inline","desktop_navigation_open_trigger":"hover","navigation_phone_number":"Call us 000-000-0000","navigation_email":"info@yourwebsite.com","search_menu":""}},"footer":{"type":"footer","blocks":{"footer-0":{"type":"text","settings":{"title":"About the shop","content":"<p>Use this text area to tell your customers about your brand and vision. You can change it in the theme settings.<\/p>"}},"footer-1":{"type":"links","settings":{"menu":"footer"}},"footer-2":{"type":"newsletter","settings":{"title":"Newsletter","subheading":"<p>A short sentence describing what someone will receive by subscribing<\/p>"}}},"block_order":["footer-0","footer-1","footer-2"],"settings":{"show_social_media":true,"show_payment_icons":true}},"slideshow":{"type":"slideshow","blocks":{"slide-0":{"type":"image","settings":{"image":"","mobile_image":"","text_color":"#ffffff","title":"Tell your story","content":"Tell your story","content_position":"bottomLeft","button_background":"#ffffff","button_text_color":"#000000","button_text":"Button","link":""}},"slide-1":{"type":"image","settings":{"image":"","mobile_image":"","text_color":"#ffffff","title":"Tell your story","content":"Tell your story","content_position":"bottomLeft","button_background":"#ffffff","button_text_color":"#000000","button_text":"Button","link":""}}},"block_order":["slide-0","slide-1"],"settings":{"edge_to_edge":true,"section_size":"preserve_ratio","cycle_speed":5}},"collection-list":{"type":"collection-list","blocks":{"collection-0":{"type":"collection","settings":{"collection":"","image":""}},"collection-1":{"type":"collection","settings":{"collection":"","image":""}},"collection-2":{"type":"collection","settings":{"collection":"","image":""}},"collection-3":{"type":"collection","settings":{"collection":"","image":""}},"collection-4":{"type":"collection","settings":{"collection":"","image":""}},"collection-5":{"type":"collection","settings":{"collection":"","image":""}}},"block_order":["collection-0","collection-1","collection-2","collection-3","collection-4","collection-5"],"settings":{"title":"Our collections","link_title":"View all","link":"shopify:\/\/collections"}},"collection-template":{"type":"collection-template","settings":{"collection_image_size":"small","default_view_layout":"grid","show_quick_buy":"list","show_quick_view":"list","quick_links":"","filter_type":"tag"}},"recently-viewed-products":{"type":"recently-viewed-products","settings":{"title":"Recently viewed"}},"product-template":{"type":"product-template","settings":{"selector_mode":"block","color_mode":"color","zoom_effect":"outside","carousel_effect":"fade","low_inventory_threshold":0,"custom_security_badge":""}},"product-recommendations":{"type":"product-recommendations","settings":{}},"announcement-bar":{"type":"announcement-bar","settings":{"background":"#3a2a2f","text_color":"#ffffff","text":"Announce something here","link":"","newsletter_button":"Subscribe & Save","newsletter_title":"Newsletter","newsletter_content":"<p>A short sentence describing what someone will receive by subscribing<\/p>"}},"1542984811767":{"type":"featured-collection","settings":{"collection":"","title":"Featured collection","products_count":12,"layout":"vertical","link_title":"View all"}},"1550833441117":{"type":"collection-with-image","settings":{"collection":"","products_count":12,"image":"","background":"#3a2a2f","text_color":"#ffffff","title":"Our best sellers","content":"Shop our most popular products for this season.","button_background":"#e95d2b","button_text_color":"#ffffff","button_text":"Learn more","button_link":""}},"1555314133560":{"type":"promotion-list","blocks":{"1555314133560-0":{"type":"item","settings":{"image":"","show_overlay":false,"stretch_image":false,"background":"#6f42ef","text_color":"#ffffff","title":"Your heading","content":"Tell more about your product, collection...","button_background":"#ffffff","button_text_color":"#6f42ef","button_text":"Learn more","button_link":""}},"1555314133560-1":{"type":"item","settings":{"image":"","show_overlay":false,"stretch_image":false,"background":"#fc2a68","text_color":"#ffffff","title":"Your heading","content":"Tell more about your product, collection...","button_background":"#ffffff","button_text_color":"#fc2a68","button_text":"Learn more","button_link":""}},"1555314133560-2":{"type":"item","settings":{"image":"","show_overlay":false,"stretch_image":false,"background":"#26c1ce","text_color":"#ffffff","title":"Your heading","content":"Tell more about your product, collection...","button_background":"#ffffff","button_text_color":"#26c1ce","button_text":"Learn more","button_link":""}}},"block_order":["1555314133560-0","1555314133560-1","1555314133560-2"],"settings":{"expand_items":false,"section_size":"medium","stack_mobile":false}},"1542984882560":{"type":"blog-posts","settings":{"blog":"news","title":"Blog posts"}}},"content_for_index":["slideshow","1542984811767","1555314133560","collection-list","1550833441117","1542984882560"]}}}