[{"name":"theme_info","theme_name":"Evolution Enterprise","theme_author":"Romeu Bessa","theme_version":"7.0","theme_documentation_url":"https:\/\/imadigital.com.br\/evolution\/","theme_support_url":"https:\/\/imadigital.com.br\/evolution\/"},{"name":"Configurações","settings":[{"type":"checkbox","id":"block_f12_right_button","label":"Bloquear tecla F12 e botão direito","default":true}]},{"name":"Colors","settings":[{"type":"header","content":"General"},{"type":"color","id":"heading_color","label":"Heading","default":"#1c1b1b"},{"type":"checkbox","id":"enable_line_below_heading","label":"Enable line below heading","default":true},{"type":"color","id":"textstrong","label":"Cor Text Strong","default":"#1c1b1b"},{"type":"color","id":"text_color","label":"Body text","default":"#677279"},{"type":"color","id":"timer_bar_color","label":"Cor barra relógio","default":"#00badb"},{"type":"color","id":"accent_color","label":"Accent","default":"#00badb"},{"type":"color","id":"link_color","label":"Link color","default":"#838383"},{"type":"color","id":"border_color","label":"Border","default":"#e1e3e4"},{"type":"color","id":"background","label":"Background","default":"#f3f5f6"},{"type":"color","id":"secondary_background","label":"Secondary background","info":"For best results, secondary background must not be too far from primary background","default":"#ffffff"},{"type":"color","id":"cor_secondary_background","label":"Cor texto menu","default":"#ffffff"},{"type":"color","id":"cor_fundo_background","label":"Cor fundo menu","default":"#000"},{"type":"color","id":"error_color","label":"Error messages","default":"#ff0000"},{"type":"color","id":"success_color","label":"Success messages","default":"#00aa00"},{"type":"header","content":"Primary button"},{"type":"color","id":"primary_button_background","label":"Background","default":"#00badb"},{"type":"color","id":"primary_button_text_color","label":"Text","default":"#ffffff"},{"type":"header","content":"Secondary button"},{"type":"color","id":"secondary_button_background","label":"Background","default":"#1e2d7d"},{"type":"color","id":"secondary_button_text_color","label":"Text","default":"#ffffff"},{"type":"header","content":"Header"},{"type":"color","id":"header_background","label":"Background","default":"#1e2d7d"},{"type":"color","id":"border_menu","label":"Borda menu","default":"#e2e2e2"},{"type":"color","id":"header_text_color","label":"Text","default":"#ffffff"},{"type":"color","id":"header_light_text_color","label":"Light text","default":"#ffffff"},{"type":"color","id":"header_accent_color","label":"Accent","default":"#00badb"},{"type":"color","id":"header_search_background","label":"Fundo do pesquisar","default":"#2d2838"},{"type":"color","id":"header_icon_search_color","label":"Cor do texto do pesquisar","default":"#646464"},{"type":"color","id":"header_icons_color","label":"Cor dos ícones","default":"#FFFFFF"},{"type":"header","content":"Footer"},{"type":"color","id":"footer_background_color","label":"Background","default":"#f3f5f6"},{"type":"color","id":"footer_heading_text_color","label":"Heading text","default":"#1e2d7d"},{"type":"color","id":"footer_body_text_color","label":"Body text","default":"#677279"},{"type":"color","id":"footer_accent_color","label":"Accent","default":"#00badb"},{"type":"color","id":"seguranca_background_color","label":"Fundo segurança Imã Digital","default":"#e7e7e7"},{"type":"color","id":"seguranca_color","label":"Cor segurança Imã Digital","default":"#677279"},{"type":"header","content":"Product"},{"type":"color","id":"product_on_sale_accent","label":"On sale accent","default":"#ee0000"},{"type":"color","id":"product_in_stock_color","label":"In stock","default":"#00a500"},{"type":"color","id":"product_low_stock_color","label":"Low stock","default":"#ee0000"},{"type":"color","id":"product_sold_out_color","label":"Sold out","default":"#8a9297"},{"type":"color","id":"product_label_1_background","label":"Custom label 1 background","default":"#0774d7"},{"type":"color","id":"product_label_2_background","label":"Custom label 2 background","default":"#00a500"},{"type":"color","id":"product_star_color","label":"Review star","default":"#ffbd00"},{"type":"color","id":"extras","label":"Frete, troca grátis e compra garantida","default":"#000"},{"type":"color","id":"lancamento","label":"Lançamento background","default":"#000"},{"type":"color","id":"parcelamento","label":"Ícone de parcelamento","default":"#000"},{"type":"color","id":"lancamentotexto","label":"Lançamento texto","default":"#000"},{"type":"color","id":"porcento","label":"Fundo porcentagem preço","default":"#000"},{"type":"color","id":"descontopix","label":"Pix ícone e porcentagem","default":"#00B27A"},{"type":"color","id":"botaowhatsapp","label":"Botão whatsapp","default":"#00B27A"},{"type":"color","id":"timer_box_simple_background_color","label":"Cor 1 do cronômetro","default":"#2e2d2d"},{"type":"color","id":"timer_box_simple_background_color2","label":"Cor 2 do cronômetro","default":"#2e2d2d"},{"type":"color","id":"default_kit_color","label":"Cor default opções kit","default":"#00B27A"},{"type":"color","id":"badge_discount_background","label":"Fundo do badge de desconto","default":"#202020"},{"type":"color","id":"badge_discount_color","label":"Cor do badge de desconto","default":"#FFFFFF"},{"type":"color","id":"more_payments_color","label":"Cor do mais formas de pagamento","default":"#FF6606"},{"type":"color","id":"badge_economy_background","label":"Fundo do badge de economia","default":"#212121"},{"type":"color","id":"economy_color","label":"Cor do badge de economia","default":"#FFFFFF"},{"type":"color","id":"economy_value_color","label":"Cor do valor no badge de economia","default":"#fedc37"},{"type":"color","id":"popup_button_color","label":"Cor do botão de medidas","default":"#000"},{"type":"header","content":"Coleção em oferta"},{"type":"color","id":"countdown_background","label":"Fundo do contador","default":"#383838"},{"type":"color","id":"countdown_timer_color","label":"Cor do timer do contador","default":"#fff"},{"type":"color","id":"countdown_desc_color","label":"Cor da descrição do contador","default":"#fff"},{"type":"checkbox","id":"oferta_especial","label":"Ativar oferta especial"},{"type":"color","id":"special_offer_background","label":"Fundo do destaque","default":"#383838"},{"type":"color","id":"special_offer_color","label":"Cor do destaque","default":"#fff"},{"type":"color","id":"special_offer_star_color","label":"Cor da estrela do destaque","default":"#ff6606"},{"type":"checkbox","id":"faixa","label":"Ativar faixa menu"},{"type":"color","id":"line1","label":"Fundo1 linha menu","default":"#000"},{"type":"color","id":"line2","label":"Fundo2 linha menu","default":"#000"},{"type":"color","id":"line3","label":"Fundo3 linha menu","default":"#000"},{"type":"color","id":"line4","label":"Fundo4 linha menu","default":"#000"},{"type":"color","id":"line5","label":"Fundo5 linha menu","default":"#000"}]},{"name":"Typography","settings":[{"type":"range","id":"base_text_font_size","label":"Base size","info":"All texts, including headings, will scale accordingly.","min":14,"max":17,"unit":"px","default":15},{"type":"header","content":"Headings"},{"type":"font_picker","id":"heading_font","label":"Font","default":"helvetica_n4"},{"type":"header","content":"Body text"},{"type":"font_picker","id":"text_font","label":"Font","default":"helvetica_n4"},{"type":"checkbox","id":"underline_links","label":"Underline links","info":"Only applies to links defined in rich text fields.","default":false}]},{"name":"Animation","settings":[{"type":"checkbox","id":"animation_image_zoom","label":"Enable image zoom on hover","default":true}]},{"name":"Search","settings":[{"type":"select","id":"search_mode","label":"Search only...","options":[{"value":"product","label":"Products only"},{"value":"product,page","label":"Products and pages"},{"value":"product,article","label":"Products and blog posts"},{"value":"product,article,page","label":"Products, blog posts and pages"}],"default":"product,article"}]},{"name":"Products grid","settings":[{"type":"checkbox","id":"show_installments","label":"Mostrar parcelamento","default":true},{"type":"checkbox","id":"show_pix","label":"Mostrar pix","default":false},{"type":"checkbox","id":"product_text_bold","label":"Texto do produto em negrito","default":false},{"type":"checkbox","id":"show_vendor","label":"Show vendor","default":false},{"type":"checkbox","id":"show_secondary_image","label":"Show secondary image on hover","default":false},{"type":"checkbox","id":"show_discount","label":"Show discount label","default":true},{"type":"checkbox","id":"show_free_shipping","label":"Mostrar frete grátis","default":false},{"type":"select","id":"discount_mode","label":"Show discount as...","options":[{"value":"percentage","label":"Percentage"},{"value":"saving","label":"Saving"}],"default":"saving"},{"type":"select","id":"product_price_position","label":"Price position","options":[{"value":"before_title","label":"Before product title"},{"value":"after_title","label":"After product title"}],"default":"after_title"},{"type":"select","id":"product_image_size","label":"Product image size","options":[{"value":"natural","label":"Natural"},{"value":"short","label":"Short (4:3)"},{"value":"square","label":"Square (1:1)"},{"value":"tall","label":"Tall (2:3)"}],"default":"natural"},{"type":"checkbox","id":"show_color_swatch","label":"Show color swatch","info":"Colors appear white? [Learn more](http:\/\/support.maestrooo.com\/article\/80-product-uploading-custom-color-for-color-swatch)","default":false},{"type":"checkbox","id":"show_inventory_quantity","label":"Show inventory","default":false},{"type":"range","id":"low_inventory_threshold","label":"Low inventory threshold","info":"Show inventory quantity in red when quantity is below the threshold. Choose 0 to always show in stock if available.","min":0,"max":100,"step":1,"default":0},{"type":"checkbox","id":"show_reviews_badge","label":"Show reviews badge","info":"You need to install [Shopify's free Product Reviews](https:\/\/apps.shopify.com\/product-reviews) app before enabling this option.","default":false}]},{"name":"Cart","settings":[{"type":"select","id":"cart_type","label":"Cart type","options":[{"value":"drawer","label":"Drawer"},{"value":"message","label":"Message"},{"value":"page","label":"Page"}],"default":"page"},{"type":"url","id":"cart_empty_button_link","label":"Empty button link","default":"\/collections\/all"},{"type":"checkbox","id":"cart_show_checkout_button","label":"Show checkout button in drawer","default":true},{"type":"checkbox","id":"cart_show_free_shipping_threshold","label":"Show free shipping minimum amount","info":"Make sure that you have properly configured your [shipping rates](\/admin\/settings\/shipping).","default":false},{"type":"text","id":"cart_free_shipping_threshold","label":"Free shipping minimum amount","info":"Only write a number, no letters. Wording can be changed in [language settings](https:\/\/support.maestrooo.com\/article\/55-changing-themes-wording).","default":"50"},{"type":"header","content":"Icones"},{"type":"select","id":"icone_carrinho","label":"Icone carrinho","options":[{"value":"bag","label":"Sacola"},{"value":"cart","label":"Carrinho"}],"default":"bag"}]},{"name":"Social media","settings":[{"type":"text","id":"social_facebook","info":"https:\/\/www.facebook.com\/shopify","label":"Facebook"},{"type":"text","id":"social_twitter","info":"https:\/\/twitter.com\/shopify","label":"Twitter"},{"type":"text","id":"social_pinterest","info":"https:\/\/www.pinterest.com\/shopify","label":"Pinterest"},{"type":"text","id":"social_instagram","info":"https:\/\/instagram.com\/shopify","label":"Instagram"},{"type":"text","id":"social_vimeo","info":"https:\/\/vimeo.com\/shopify","label":"Vimeo"},{"type":"text","id":"social_tumblr","info":"https:\/\/shopify.tumblr.com","label":"Tumblr"},{"type":"text","id":"social_youtube","info":"https:\/\/www.youtube.com\/user\/shopify","label":"YouTube"},{"type":"text","id":"social_tiktok","info":"https:\/\/www.tiktok.com\/shopify","label":"TikTok"},{"type":"text","id":"social_linkedin","info":"https:\/\/linkedin.com\/in\/shopify","label":"LinkedIn"},{"type":"text","id":"social_snapchat","info":"https:\/\/snapchat.com\/add\/shopify","label":"Snapchat"},{"type":"text","id":"social_fancy","info":"https:\/\/fancy.com\/Shopify","label":"Fancy"}]},{"name":"Favicon","settings":[{"type":"image_picker","id":"favicon","label":"Image","info":"96 x 96px .png recommended"}]},{"name":"Formas de pagamento","settings":[{"type":"header","content":"Parcelamento"},{"type":"text","id":"taxa_segunda_parcela","label":"2º Parcela","info":"Adicione utilizando (.) e com pelo menos uma casa decimal.","default":"5.41"},{"type":"text","id":"taxa_terceira_parcela","label":"3º Parcela","default":"6.78"},{"type":"text","id":"taxa_quarta_parcela","label":"4º Parcela","default":"8.25"},{"type":"text","id":"taxa_quinta_parcela","label":"5º Parcela","default":"9.66"},{"type":"text","id":"taxa_sexta_parcela","label":"6º Parcela","default":"11.04"},{"type":"text","id":"taxa_setima_parcela","label":"7º Parcela","default":"12.25"},{"type":"text","id":"taxa_oitava_parcela","label":"8º Parcela","default":"13.85"},{"type":"text","id":"taxa_nona_parcela","label":"9º Parcela","default":"15.44"},{"type":"text","id":"taxa_decima_parcela","label":"10º Parcela","default":"16.59"},{"type":"text","id":"taxa_decima_primeira_parcela","label":"11º Parcela","default":"18.19"},{"type":"text","id":"taxa_decima_segunda_parcela","label":"12º Parcela","default":"19.79"},{"type":"range","id":"vezes_sem_juros","label":"Em quantas X sem juros","min":1,"max":12,"step":1,"default":12},{"type":"header","content":"Pix"},{"type":"text","id":"desconto_pix","label":"Desconto %","default":"5.0"}]},{"name":"Calculadora de frete","settings":[{"type":"radio","id":"shipping_type","label":"Escolha o modelo de frete","options":[{"value":"melhorenvio","label":"Melhor Envio"},{"value":"personalizado","label":"Personalizado"}],"default":"personalizado"},{"type":"header","content":"Frete - Melhor envio"},{"type":"text","id":"client_secret","label":"Chave secreta"},{"type":"text","id":"from_postal_code","label":"CEP de origem"},{"type":"header","content":"Pacote padrão","info":"Estas informações serão utilizadas para suprir algum dado não preenchido no produto."},{"type":"range","id":"altura","min":1,"max":100,"step":1,"unit":"cm","label":"Altura","default":13},{"type":"range","id":"largura","min":1,"max":100,"step":1,"unit":"cm","label":"Largura","default":21},{"type":"range","id":"comprimento","min":1,"max":100,"step":1,"unit":"cm","label":"Comprimento","default":33},{"type":"range","id":"peso","min":1,"max":100,"step":1,"unit":"kg","label":"Peso","default":1},{"type":"header","content":"Frete - Personalizado"},{"type":"checkbox","id":"active_free_ship","label":"Ativar frete grátis","default":true},{"type":"text","id":"free_ship_name","label":"Nome do frete","default":"PAC"},{"type":"textarea","id":"free_ship_estimate","label":"Prazo estimado","default":"8 - 11 dias úteis"},{"type":"checkbox","id":"active_paid_ship","label":"Ativar frete pago","default":true},{"type":"text","id":"name_simulator_ship","label":"Nome do frete pago","default":"Sedex"},{"type":"textarea","id":"estimate_simulator_ship","label":"Prazo estimado","default":"Até 7 dia mais rápido"},{"type":"text","id":"price_simulator_ship","label":"Preço do frete pago","default":"R$ 29,90"}]},{"name":"Barra de escassez","settings":[{"type":"header","content":"Barra de escassez"},{"type":"range","id":"margin_prog_s","label":"Margem superior","info":"Margem superior do contador de escassez, ajuste conforme seu gosto.","min":-50,"max":50,"unit":"px","default":0},{"type":"range","id":"margin_prog_i","label":"Margem inferior","info":"Margem inferior do contador de escassez, ajuste conforme seu gosto.","min":-50,"max":50,"unit":"px","default":20},{"type":"color","id":"colorp_progress","label":"Cor Background Barra de escassez","info":"Cor do background da barra de escassez","default":"#fafafa"},{"type":"color","id":"colors_progress","label":"Cor Barra de escassez","info":"Cor principal da barra de escassez","default":"#B90000"},{"type":"range","id":"alt_progress","label":"Altura da Barra de escassez","min":7,"max":20,"unit":"px","default":9},{"type":"range","id":"font_progress","label":"Fonte da barra de escassez","min":10,"max":20,"unit":"px","default":13}]}]